[
    {
    "source-Governor's Name": "Gov. Gray Davis",
    "source-State": "California",
    "source-Time in Office": "(1999 - 2003)",
    "source-Party": "Democrat",
    "target-Name": "Gray Davis",
    "target-Political Party": "Democrat",
    "target-Years of Service": "1999 -",
    "target-Native State": "California"
    },
    {
    "source-Governor's Name": "Gov. Pete Wilson",
    "source-State": "California",
    "source-Time in Office": "(1991 - 1999)",
    "source-Party": "Republican",
    "target-Name": "Pete Wilson",
    "target-Political Party": "Republican",
    "target-Years of Service": "1991 - 1999",
    "target-Native State": "Illinois"
    },
    {
    "source-Governor's Name": "Gov. George Deukmejian",
    "source-State": "California",
    "source-Time in Office": "(1983 - 1991)",
    "source-Party": "Republican",
    "target-Name": "George Deukmejian",
    "target-Political Party": "Republican",
    "target-Years of Service": "1983 - 1991",
    "target-Native State": "California"
    },
    {
    "source-Governor's Name": "Gov. Ronald Wilson Reagan",
    "source-State": "California",
    "source-Time in Office": "(1967 - 1975)",
    "source-Party": "Democrat Republican",
    "target-Name": "Ronald Reagan",
    "target-Lifespan": "1911 -",
    "target-Political Party": "Republican",
    "target-Years of Service": "1966 - 1975",
    "target-Native State": "Illinois"
    },
    {
    "source-Governor's Name": "Gov. Edmund Gerald Brown",
    "source-State": "California",
    "source-Time in Office": "(1959 - 1967)",
    "source-Party": "Democrat",
    "target-Name": "Edmund G. Brown Sr",
    "target-Lifespan": "1905 - 1996",
    "target-Political Party": "Democrat",
    "target-Years of Service": "1959 - 1967",
    "target-Native State": "California"
    },
    {
    "source-Governor's Name": "Gov. Goodwin Jess Knight",
    "source-State": "California",
    "source-Time in Office": "(1953 - 1959)",
    "source-Party": "Republican",
    "target-Name": "Goodwin J. Knight",
    "target-Lifespan": "1896 - 1970",
    "target-Political Party": "Republican",
    "target-Years of Service": "1953 - 1959",
    "target-Native State": "Utah"
    },
    {
    "source-Governor's Name": "Gov. Earl Warren",
    "source-State": "California",
    "source-Time in Office": "(1943 - 1953)",
    "source-Party": "Republican",
    "target-Name": "Earl Warren",
    "target-Lifespan": "1891 - 1975",
    "target-Political Party": "Republican",
    "target-Years of Service": "1943 - 1953",
    "target-Native State": "California"
    },
    {
    "source-Governor's Name": "Gov. Culbert L. Olson",
    "source-State": "California",
    "source-Time in Office": "(1939 - 1943)",
    "source-Party": "Democrat",
    "target-Name": "Culbert L. Olson",
    "target-Lifespan": "1876 - 1962",
    "target-Political Party": "Democrat",
    "target-Years of Service": "1939 - 1943",
    "target-Native State": "Utah"
    },
    {
    "source-Governor's Name": "Gov. Frank Finley Merriam",
    "source-State": "California",
    "source-Time in Office": "(1934 - 1939)",
    "source-Party": "Republican",
    "target-Name": "Frank F. Merriam",
    "target-Lifespan": "1965 - 1955",
    "target-Political Party": "Republican",
    "target-Years of Service": "1934 - 1939",
    "target-Native State": "Iowa"
    },
    {
    "source-Governor's Name": "Gov. James Rolph",
    "source-State": "California",
    "source-Time in Office": "(1931 - 1934)",
    "source-Party": "Republican",
    "target-Name": "James Rolph Jr",
    "target-Lifespan": "1869 - 1934",
    "target-Political Party": "Republican",
    "target-Years of Service": "1931 - 1934",
    "target-Native State": "California"
    },
    {
    "source-Governor's Name": "Gov. Clement Calhoun Young",
    "source-State": "California",
    "source-Time in Office": "(1927 - 1931)",
    "source-Party": "Republican",
    "target-Name": "Clement C. Young",
    "target-Lifespan": "1869 - 1947",
    "target-Political Party": "Republican",
    "target-Years of Service": "1927 - 1931",
    "target-Native State": "New Hampshire"
    },
    {
    "source-Governor's Name": "Gov. Friend William Richardson",
    "source-State": "California",
    "source-Time in Office": "(1923 - 1927)",
    "source-Party": "Republican",
    "target-Name": "Friend William Richardson",
    "target-Lifespan": "1865 - 1943",
    "target-Political Party": "Republican",
    "target-Years of Service": "1923 - 1927",
    "target-Native State": "Michigan"
    },
    {
    "source-Governor's Name": "Gov. William Dennison Stephens",
    "source-State": "California",
    "source-Time in Office": "(1917 - 1923)",
    "source-Party": "Republican",
    "target-Name": "William D. Stephens",
    "target-Lifespan": "1859 - 1944",
    "target-Political Party": "Progressive\/Republican",
    "target-Years of Service": "1917 - 1923",
    "target-Native State": "Ohio"
    },
    {
    "source-Governor's Name": "Gov. Hiram Warren Johnson",
    "source-State": "California",
    "source-Time in Office": "(1911 - 1917)",
    "source-Party": "Republican Progressive",
    "target-Name": "Hiram W. Johnson",
    "target-Lifespan": "1866 - 1945",
    "target-Political Party": "Progressive\/Republican",
    "target-Years of Service": "1911 - 1917",
    "target-Native State": "California"
    },
    {
    "source-Governor's Name": "Gov. James Norris Gillett",
    "source-State": "California",
    "source-Time in Office": "(1907 - 1911)",
    "source-Party": "Republican",
    "target-Name": "James N. Gillet",
    "target-Lifespan": "1860 - 1937",
    "target-Political Party": "Republican",
    "target-Years of Service": "1907 - 1911",
    "target-Native State": "Wisconsin"
    },
    {
    "source-Governor's Name": "Gov. George Cooper Pardee",
    "source-State": "California",
    "source-Time in Office": "(1903 - 1907)",
    "source-Party": "Progressive Republican",
    "target-Name": "George C. Pardee",
    "target-Lifespan": "1857 - 1941",
    "target-Political Party": "Republican",
    "target-Years of Service": "1903 - 1907",
    "target-Native State": "California"
    },
    {
    "source-Governor's Name": "Gov. Henry Tifft Gage",
    "source-State": "California",
    "source-Time in Office": "(1899 - 1903)",
    "source-Party": "Republican",
    "target-Name": "Henry T. Gage",
    "target-Lifespan": "1852 - 1924",
    "target-Political Party": "Republican",
    "target-Years of Service": "1899 - 1903",
    "target-Native State": "New York"
    },
    {
    "source-Governor's Name": "Gov. James Herbert Budd",
    "source-State": "California",
    "source-Time in Office": "(1895 - 1899)",
    "source-Party": "Democrat",
    "target-Name": "James H. Budd",
    "target-Lifespan": "1851 - 1908",
    "target-Political Party": "Democrat",
    "target-Years of Service": "1895 - 1899",
    "target-Native State": "Wisconsin"
    },
    {
    "source-Governor's Name": "Gov. Henry Harrison Markham",
    "source-State": "California",
    "source-Time in Office": "(1891 - 1895)",
    "source-Party": "Republican",
    "target-Name": "Henry H. Markham",
    "target-Lifespan": "1840 - 1923",
    "target-Political Party": "Republican",
    "target-Years of Service": "1891 - 1895",
    "target-Native State": "Wisconsin"
    },
    {
    "source-Governor's Name": "Gov. Robert Whitney Waterman",
    "source-State": "California",
    "source-Time in Office": "(1887 - 1891)",
    "source-Party": "Republican",
    "target-Name": "Robert W. Waterman",
    "target-Lifespan": "1826 - 1891",
    "target-Political Party": "Republican",
    "target-Years of Service": "1887 - 1891",
    "target-Native State": "Illinois"
    },
    {
    "source-Governor's Name": "Gov. Washington Bartlett",
    "source-State": "California",
    "source-Time in Office": "(1887 - 1887)",
    "source-Party": "Democrat",
    "target-Name": "Washington Bartlett",
    "target-Lifespan": "1824 - 1887",
    "target-Political Party": "Democrat",
    "target-Years of Service": 1887,
    "target-Native State": "Georgia",
    "target-Notes": -19
    },
    {
    "source-Governor's Name": "Gov. George Stoneman",
    "source-State": "California",
    "source-Time in Office": "(1883 - 1887)",
    "source-Party": "Democrat",
    "target-Name": "George Stoneman",
    "target-Lifespan": "1822 - 1894",
    "target-Political Party": "Democrat",
    "target-Years of Service": "1822 - 1887",
    "target-Native State": "New York"
    },
    {
    "source-Governor's Name": "Gov. George Clement Perkins",
    "source-State": "California",
    "source-Time in Office": "(1880 - 1883)",
    "source-Party": "Republican",
    "target-Name": "George C. Perkins",
    "target-Lifespan": "1839 - 1923",
    "target-Political Party": "Republican",
    "target-Years of Service": "1880 - 1883",
    "target-Native State": "Maine"
    },
    {
    "source-Governor's Name": "Gov. William Irwin",
    "source-State": "California",
    "source-Time in Office": "(1875 - 1880)",
    "source-Party": "Democrat",
    "target-Name": "William Irwin",
    "target-Lifespan": "1827 - 1886",
    "target-Political Party": "Democrat",
    "target-Years of Service": "1875 - 1880",
    "target-Native State": "Ohio"
    }
]