[
 {
  "source-State": "Alaska (8)",
  "source-National Park": "Denali",
  "source-Year Established": 1917,
  "target-Rank": 9,
  "target-State": "Alaska",
  "target-Percapitaincome": 33062,
  "target-Medianhouseholdincome": 71583,
  "target-Medianfamilyincome": 82307,
  "target-Population": 736732,
  "target-Numberofhouseholds": 249659,
  "target-Numberoffamilies": 165015
 },
 {
  "source-State": "Alaska (8)",
  "source-National Park": "Gates of the Arctic",
  "source-Year Established": 1980,
  "target-Rank": 9,
  "target-State": "Alaska",
  "target-Percapitaincome": 33062,
  "target-Medianhouseholdincome": 71583,
  "target-Medianfamilyincome": 82307,
  "target-Population": 736732,
  "target-Numberofhouseholds": 249659,
  "target-Numberoffamilies": 165015
 },
 {
  "source-State": "Alaska (8)",
  "source-National Park": "Glacier Bay",
  "source-Year Established": 1980,
  "target-Rank": 9,
  "target-State": "Alaska",
  "target-Percapitaincome": 33062,
  "target-Medianhouseholdincome": 71583,
  "target-Medianfamilyincome": 82307,
  "target-Population": 736732,
  "target-Numberofhouseholds": 249659,
  "target-Numberoffamilies": 165015
 },
 {
  "source-State": "Alaska (8)",
  "source-National Park": "Katmai",
  "source-Year Established": 1980,
  "target-Rank": 9,
  "target-State": "Alaska",
  "target-Percapitaincome": 33062,
  "target-Medianhouseholdincome": 71583,
  "target-Medianfamilyincome": 82307,
  "target-Population": 736732,
  "target-Numberofhouseholds": 249659,
  "target-Numberoffamilies": 165015
 },
 {
  "source-State": "Alaska (8)",
  "source-National Park": "Kenai Fjords",
  "source-Year Established": 1980,
  "target-Rank": 9,
  "target-State": "Alaska",
  "target-Percapitaincome": 33062,
  "target-Medianhouseholdincome": 71583,
  "target-Medianfamilyincome": 82307,
  "target-Population": 736732,
  "target-Numberofhouseholds": 249659,
  "target-Numberoffamilies": 165015
 },
 {
  "source-State": "Alaska (8)",
  "source-National Park": "Kobuk Valley",
  "source-Year Established": 1980,
  "target-Rank": 9,
  "target-State": "Alaska",
  "target-Percapitaincome": 33062,
  "target-Medianhouseholdincome": 71583,
  "target-Medianfamilyincome": 82307,
  "target-Population": 736732,
  "target-Numberofhouseholds": 249659,
  "target-Numberoffamilies": 165015
 },
 {
  "source-State": "Alaska (8)",
  "source-National Park": "Lake Clark",
  "source-Year Established": 1980,
  "target-Rank": 9,
  "target-State": "Alaska",
  "target-Percapitaincome": 33062,
  "target-Medianhouseholdincome": 71583,
  "target-Medianfamilyincome": 82307,
  "target-Population": 736732,
  "target-Numberofhouseholds": 249659,
  "target-Numberoffamilies": 165015
 },
 {
  "source-State": "Alaska (8)",
  "source-National Park": "Wrangell - St. Elias",
  "source-Year Established": 1980,
  "target-Rank": 9,
  "target-State": "Alaska",
  "target-Percapitaincome": 33062,
  "target-Medianhouseholdincome": 71583,
  "target-Medianfamilyincome": 82307,
  "target-Population": 736732,
  "target-Numberofhouseholds": 249659,
  "target-Numberoffamilies": 165015
 },
 {
  "source-State": "Arizona (3)",
  "source-National Park": "Grand Canyon",
  "source-Year Established": 1919,
  "target-Rank": 36,
  "target-State": "Arizona",
  "target-Percapitaincome": 25715,
  "target-Medianhouseholdincome": 50068,
  "target-Medianfamilyincome": 59700,
  "target-Population": 6731484,
  "target-Numberofhouseholds": 2428743,
  "target-Numberoffamilies": 1579481
 },
 {
  "source-State": "Arizona (3)",
  "source-National Park": "Petrified Forest",
  "source-Year Established": 1962,
  "target-Rank": 36,
  "target-State": "Arizona",
  "target-Percapitaincome": 25715,
  "target-Medianhouseholdincome": 50068,
  "target-Medianfamilyincome": 59700,
  "target-Population": 6731484,
  "target-Numberofhouseholds": 2428743,
  "target-Numberoffamilies": 1579481
 },
 {
  "source-State": "Arizona (3)",
  "source-National Park": "Saguaro",
  "source-Year Established": 1994,
  "target-Rank": 36,
  "target-State": "Arizona",
  "target-Percapitaincome": 25715,
  "target-Medianhouseholdincome": 50068,
  "target-Medianfamilyincome": 59700,
  "target-Population": 6731484,
  "target-Numberofhouseholds": 2428743,
  "target-Numberoffamilies": 1579481
 },
 {
  "source-State": "Arkansas",
  "source-National Park": "Hot Springs",
  "source-Year Established": 1921,
  "target-Rank": 48,
  "target-State": "Arkansas",
  "target-Percapitaincome": 22883,
  "target-Medianhouseholdincome": 41262,
  "target-Medianfamilyincome": 51528,
  "target-Population": 2966369,
  "target-Numberofhouseholds": 1131288,
  "target-Numberoffamilies": 752212
 },
 {
  "source-State": "California (8)",
  "source-National Park": "Channel Islands",
  "source-Year Established": 1980,
  "target-Rank": 15,
  "target-State": "California",
  "target-Percapitaincome": 30441,
  "target-Medianhouseholdincome": 61933,
  "target-Medianfamilyincome": 71015,
  "target-Population": 38802500,
  "target-Numberofhouseholds": 12758648,
  "target-Numberoffamilies": 8762059
 },
 {
  "source-State": "California (8)",
  "source-National Park": "Death Valley",
  "source-Year Established": 1994,
  "target-Rank": 15,
  "target-State": "California",
  "target-Percapitaincome": 30441,
  "target-Medianhouseholdincome": 61933,
  "target-Medianfamilyincome": 71015,
  "target-Population": 38802500,
  "target-Numberofhouseholds": 12758648,
  "target-Numberoffamilies": 8762059
 },
 {
  "source-State": "California (8)",
  "source-National Park": "Joshua Tree",
  "source-Year Established": 1994,
  "target-Rank": 15,
  "target-State": "California",
  "target-Percapitaincome": 30441,
  "target-Medianhouseholdincome": 61933,
  "target-Medianfamilyincome": 71015,
  "target-Population": 38802500,
  "target-Numberofhouseholds": 12758648,
  "target-Numberoffamilies": 8762059
 },
 {
  "source-State": "California (8)",
  "source-National Park": "Kings Canyon",
  "source-Year Established": 1940,
  "target-Rank": 15,
  "target-State": "California",
  "target-Percapitaincome": 30441,
  "target-Medianhouseholdincome": 61933,
  "target-Medianfamilyincome": 71015,
  "target-Population": 38802500,
  "target-Numberofhouseholds": 12758648,
  "target-Numberoffamilies": 8762059
 },
 {
  "source-State": "California (8)",
  "source-National Park": "Lassen Volcanic",
  "source-Year Established": 1916,
  "target-Rank": 15,
  "target-State": "California",
  "target-Percapitaincome": 30441,
  "target-Medianhouseholdincome": 61933,
  "target-Medianfamilyincome": 71015,
  "target-Population": 38802500,
  "target-Numberofhouseholds": 12758648,
  "target-Numberoffamilies": 8762059
 },
 {
  "source-State": "California (8)",
  "source-National Park": "Redwood",
  "source-Year Established": 1968,
  "target-Rank": 15,
  "target-State": "California",
  "target-Percapitaincome": 30441,
  "target-Medianhouseholdincome": 61933,
  "target-Medianfamilyincome": 71015,
  "target-Population": 38802500,
  "target-Numberofhouseholds": 12758648,
  "target-Numberoffamilies": 8762059
 },
 {
  "source-State": "California (8)",
  "source-National Park": "Sequoia",
  "source-Year Established": 1890,
  "target-Rank": 15,
  "target-State": "California",
  "target-Percapitaincome": 30441,
  "target-Medianhouseholdincome": 61933,
  "target-Medianfamilyincome": 71015,
  "target-Population": 38802500,
  "target-Numberofhouseholds": 12758648,
  "target-Numberoffamilies": 8762059
 },
 {
  "source-State": "California (8)",
  "source-National Park": "Yosemite",
  "source-Year Established": 1890,
  "target-Rank": 15,
  "target-State": "California",
  "target-Percapitaincome": 30441,
  "target-Medianhouseholdincome": 61933,
  "target-Medianfamilyincome": 71015,
  "target-Population": 38802500,
  "target-Numberofhouseholds": 12758648,
  "target-Numberoffamilies": 8762059
 },
 {
  "source-State": "Colorado (4)",
  "source-National Park": "Black Canyon of the Gunnison",
  "source-Year Established": 1999,
  "target-Rank": 11,
  "target-State": "Colorado",
  "target-Percapitaincome": 32357,
  "target-Medianhouseholdincome": 61303,
  "target-Medianfamilyincome": 75405,
  "target-Population": 5355866,
  "target-Numberofhouseholds": 2039592,
  "target-Numberoffamilies": 1315283
 },
 {
  "source-State": "Colorado (4)",
  "source-National Park": "Great Sand Dunes",
  "source-Year Established": 2004,
  "target-Rank": 11,
  "target-State": "Colorado",
  "target-Percapitaincome": 32357,
  "target-Medianhouseholdincome": 61303,
  "target-Medianfamilyincome": 75405,
  "target-Population": 5355866,
  "target-Numberofhouseholds": 2039592,
  "target-Numberoffamilies": 1315283
 },
 {
  "source-State": "Colorado (4)",
  "source-National Park": "Mesa Verde",
  "source-Year Established": 1906,
  "target-Rank": 11,
  "target-State": "Colorado",
  "target-Percapitaincome": 32357,
  "target-Medianhouseholdincome": 61303,
  "target-Medianfamilyincome": 75405,
  "target-Population": 5355866,
  "target-Numberofhouseholds": 2039592,
  "target-Numberoffamilies": 1315283
 },
 {
  "source-State": "Colorado (4)",
  "source-National Park": "Rocky Mountain",
  "source-Year Established": 1915,
  "target-Rank": 11,
  "target-State": "Colorado",
  "target-Percapitaincome": 32357,
  "target-Medianhouseholdincome": 61303,
  "target-Medianfamilyincome": 75405,
  "target-Population": 5355866,
  "target-Numberofhouseholds": 2039592,
  "target-Numberoffamilies": 1315283
 },
 {
  "source-State": "Florida (3)",
  "source-National Park": "Biscayne",
  "source-Year Established": 1980,
  "target-Rank": 31,
  "target-State": "Florida",
  "target-Percapitaincome": 26582,
  "target-Medianhouseholdincome": 47463,
  "target-Medianfamilyincome": 57212,
  "target-Population": 19893297,
  "target-Numberofhouseholds": 7328046,
  "target-Numberoffamilies": 4693411
 },
 {
  "source-State": "Florida (3)",
  "source-National Park": "Dry Tortugas",
  "source-Year Established": 1992,
  "target-Rank": 31,
  "target-State": "Florida",
  "target-Percapitaincome": 26582,
  "target-Medianhouseholdincome": 47463,
  "target-Medianfamilyincome": 57212,
  "target-Population": 19893297,
  "target-Numberofhouseholds": 7328046,
  "target-Numberoffamilies": 4693411
 },
 {
  "source-State": "Florida (3)",
  "source-National Park": "Everglades",
  "source-Year Established": 1947,
  "target-Rank": 31,
  "target-State": "Florida",
  "target-Percapitaincome": 26582,
  "target-Medianhouseholdincome": 47463,
  "target-Medianfamilyincome": 57212,
  "target-Population": 19893297,
  "target-Numberofhouseholds": 7328046,
  "target-Numberoffamilies": 4693411
 },
 {
  "source-State": "Hawaii (2)",
  "source-National Park": "Haleakala",
  "source-Year Established": 1916,
  "target-Rank": 17,
  "target-State": "Hawaii",
  "target-Percapitaincome": 29736,
  "target-Medianhouseholdincome": 69592,
  "target-Medianfamilyincome": 79187,
  "target-Population": 1419561,
  "target-Numberofhouseholds": 450769,
  "target-Numberoffamilies": 314151
 },
 {
  "source-State": "Hawaii (2)",
  "source-National Park": "Hawaii Volcanoes",
  "source-Year Established": 1916,
  "target-Rank": 17,
  "target-State": "Hawaii",
  "target-Percapitaincome": 29736,
  "target-Medianhouseholdincome": 69592,
  "target-Medianfamilyincome": 79187,
  "target-Population": 1419561,
  "target-Numberofhouseholds": 450769,
  "target-Numberoffamilies": 314151
 },
 {
  "source-State": "Idaho",
  "source-National Park": "Yellowstone",
  "source-Year Established": 1872,
  "target-Rank": 44,
  "target-State": "Idaho",
  "target-Percapitaincome": 23938,
  "target-Medianhouseholdincome": 47861,
  "target-Medianfamilyincome": 58101,
  "target-Population": 1634464,
  "target-Numberofhouseholds": 591587,
  "target-Numberoffamilies": 407499
 },
 {
  "source-State": "Kentucky",
  "source-National Park": "Mammoth Cave",
  "source-Year Established": 1941,
  "target-Rank": 45,
  "target-State": "Kentucky",
  "target-Percapitaincome": 23684,
  "target-Medianhouseholdincome": 42958,
  "target-Medianfamilyincome": 54776,
  "target-Population": 4413457,
  "target-Numberofhouseholds": 1712094,
  "target-Numberoffamilies": 1124586
 },
 {
  "source-State": "Maine",
  "source-National Park": "Acadia",
  "source-Year Established": 1919,
  "target-Rank": 23,
  "target-State": "Maine",
  "target-Percapitaincome": 27978,
  "target-Medianhouseholdincome": 49462,
  "target-Medianfamilyincome": 62078,
  "target-Population": 1330089,
  "target-Numberofhouseholds": 549841,
  "target-Numberoffamilies": 344585
 },
 {
  "source-State": "Michigan",
  "source-National Park": "Isle Royale",
  "source-Year Established": 1940,
  "target-Rank": 30,
  "target-State": "Michigan",
  "target-Percapitaincome": 26613,
  "target-Medianhouseholdincome": 49847,
  "target-Medianfamilyincome": 62143,
  "target-Population": 9909877,
  "target-Numberofhouseholds": 3834574,
  "target-Numberoffamilies": 2485159
 },
 {
  "source-State": "Minnesota",
  "source-National Park": "Voyageurs",
  "source-Year Established": 1975,
  "target-Rank": 10,
  "target-State": "Minnesota",
  "target-Percapitaincome": 32638,
  "target-Medianhouseholdincome": 61481,
  "target-Medianfamilyincome": 77941,
  "target-Population": 5457173,
  "target-Numberofhouseholds": 2129195,
  "target-Numberoffamilies": 1369594
 },
 {
  "source-State": "Montana (2)",
  "source-National Park": "Glacier",
  "source-Year Established": 1910,
  "target-Rank": 33,
  "target-State": "Montana",
  "target-Percapitaincome": 25989,
  "target-Medianhouseholdincome": 46328,
  "target-Medianfamilyincome": 60643,
  "target-Population": 1023579,
  "target-Numberofhouseholds": 410962,
  "target-Numberoffamilies": 251176
 },
 {
  "source-State": "Montana (2)",
  "source-National Park": "Yellowstone",
  "source-Year Established": 1872,
  "target-Rank": 33,
  "target-State": "Montana",
  "target-Percapitaincome": 25989,
  "target-Medianhouseholdincome": 46328,
  "target-Medianfamilyincome": 60643,
  "target-Population": 1023579,
  "target-Numberofhouseholds": 410962,
  "target-Numberoffamilies": 251176
 },
 {
  "source-State": "Nevada",
  "source-National Park": "Great Basin",
  "source-Year Established": 1986,
  "target-Rank": 35,
  "target-State": "Nevada",
  "target-Percapitaincome": 25773,
  "target-Medianhouseholdincome": 51450,
  "target-Medianfamilyincome": 60824,
  "target-Population": 2839099,
  "target-Numberofhouseholds": 1021519,
  "target-Numberoffamilies": 642461
 },
 {
  "source-State": "New Mexico",
  "source-National Park": "Carlsbad Caverns",
  "source-Year Established": 1930,
  "target-Rank": 46,
  "target-State": "New Mexico",
  "target-Percapitaincome": 23683,
  "target-Medianhouseholdincome": 44803,
  "target-Medianfamilyincome": 54705,
  "target-Population": 2085572,
  "target-Numberofhouseholds": 760916,
  "target-Numberoffamilies": 489532
 },
 {
  "source-State": "North Carolina",
  "source-National Park": "Great Smoky Mountains",
  "source-Year Established": 1934,
  "target-Rank": 34,
  "target-State": "North Carolina",
  "target-Percapitaincome": 25774,
  "target-Medianhouseholdincome": 46556,
  "target-Medianfamilyincome": 57380,
  "target-Population": 9943964,
  "target-Numberofhouseholds": 3790620,
  "target-Numberoffamilies": 2492048
 },
 {
  "source-State": "North Dakota",
  "source-National Park": "Theodore Roosevelt",
  "source-Year Established": 1978,
  "target-Rank": 8,
  "target-State": "North Dakota",
  "target-Percapitaincome": 33071,
  "target-Medianhouseholdincome": 59029,
  "target-Medianfamilyincome": 75221,
  "target-Population": 739482,
  "target-Numberofhouseholds": 305431,
  "target-Numberoffamilies": 187800
 },
 {
  "source-State": "Ohio",
  "source-National Park": "Cuyahoga Valley",
  "source-Year Established": 2000,
  "target-Rank": 29,
  "target-State": "Ohio",
  "target-Percapitaincome": 26937,
  "target-Medianhouseholdincome": 49308,
  "target-Medianfamilyincome": 62300,
  "target-Population": 11594163,
  "target-Numberofhouseholds": 4593172,
  "target-Numberoffamilies": 2923523
 },
 {
  "source-State": "Oregon",
  "source-National Park": "Crater Lake",
  "source-Year Established": 1902,
  "target-Rank": 25,
  "target-State": "Oregon",
  "target-Percapitaincome": 27646,
  "target-Medianhouseholdincome": 51075,
  "target-Medianfamilyincome": 62670,
  "target-Population": 3970239,
  "target-Numberofhouseholds": 1535511,
  "target-Numberoffamilies": 966250
 },
 {
  "source-State": "South Carolina",
  "source-National Park": "Congaree",
  "source-Year Established": 2003,
  "target-Rank": 43,
  "target-State": "South Carolina",
  "target-Percapitaincome": 24596,
  "target-Medianhouseholdincome": 45238,
  "target-Medianfamilyincome": 56491,
  "target-Population": 4832482,
  "target-Numberofhouseholds": 1826914,
  "target-Numberoffamilies": 1201616
 },
 {
  "source-State": "South Dakota (2)",
  "source-National Park": "Badlands",
  "source-Year Established": 1978,
  "target-Rank": 28,
  "target-State": "South Dakota",
  "target-Percapitaincome": 26959,
  "target-Medianhouseholdincome": 50979,
  "target-Medianfamilyincome": 66936,
  "target-Population": 853175,
  "target-Numberofhouseholds": 334475,
  "target-Numberoffamilies": 211235
 },
 {
  "source-State": "South Dakota (2)",
  "source-National Park": "Wind Cave",
  "source-Year Established": 1903,
  "target-Rank": 28,
  "target-State": "South Dakota",
  "target-Percapitaincome": 26959,
  "target-Medianhouseholdincome": 50979,
  "target-Medianfamilyincome": 66936,
  "target-Population": 853175,
  "target-Numberofhouseholds": 334475,
  "target-Numberoffamilies": 211235
 },
 {
  "source-State": "Tennessee",
  "source-National Park": "Great Smoky Mountains",
  "source-Year Established": 1934,
  "target-Rank": 40,
  "target-State": "Tennessee",
  "target-Percapitaincome": 24922,
  "target-Medianhouseholdincome": 44361,
  "target-Medianfamilyincome": 55557,
  "target-Population": 6549352,
  "target-Numberofhouseholds": 2509665,
  "target-Numberoffamilies": 1660344
 },
 {
  "source-State": "Texas (2)",
  "source-National Park": "Big Bend",
  "source-Year Established": 1944,
  "target-Rank": 27,
  "target-State": "Texas",
  "target-Percapitaincome": 27125,
  "target-Medianhouseholdincome": 53035,
  "target-Medianfamilyincome": 62830,
  "target-Population": 26956958,
  "target-Numberofhouseholds": 9277197,
  "target-Numberoffamilies": 6407165
 },
 {
  "source-State": "Texas (2)",
  "source-National Park": "Guadalupe Mountains",
  "source-Year Established": 1966,
  "target-Rank": 27,
  "target-State": "Texas",
  "target-Percapitaincome": 27125,
  "target-Medianhouseholdincome": 53035,
  "target-Medianfamilyincome": 62830,
  "target-Population": 26956958,
  "target-Numberofhouseholds": 9277197,
  "target-Numberoffamilies": 6407165
 },
 {
  "source-State": "Utah (5)",
  "source-National Park": "Arches",
  "source-Year Established": 1971,
  "target-Rank": 41,
  "target-State": "Utah",
  "target-Percapitaincome": 24877,
  "target-Medianhouseholdincome": 60922,
  "target-Medianfamilyincome": 69535,
  "target-Population": 2942902,
  "target-Numberofhouseholds": 918370,
  "target-Numberoffamilies": 691495
 },
 {
  "source-State": "Utah (5)",
  "source-National Park": "Bryce Canyon",
  "source-Year Established": 1928,
  "target-Rank": 41,
  "target-State": "Utah",
  "target-Percapitaincome": 24877,
  "target-Medianhouseholdincome": 60922,
  "target-Medianfamilyincome": 69535,
  "target-Population": 2942902,
  "target-Numberofhouseholds": 918370,
  "target-Numberoffamilies": 691495
 },
 {
  "source-State": "Utah (5)",
  "source-National Park": "Capitol Reef",
  "source-Year Established": 1971,
  "target-Rank": 41,
  "target-State": "Utah",
  "target-Percapitaincome": 24877,
  "target-Medianhouseholdincome": 60922,
  "target-Medianfamilyincome": 69535,
  "target-Population": 2942902,
  "target-Numberofhouseholds": 918370,
  "target-Numberoffamilies": 691495
 },
 {
  "source-State": "Utah (5)",
  "source-National Park": "Canyonlands",
  "source-Year Established": 1964,
  "target-Rank": 41,
  "target-State": "Utah",
  "target-Percapitaincome": 24877,
  "target-Medianhouseholdincome": 60922,
  "target-Medianfamilyincome": 69535,
  "target-Population": 2942902,
  "target-Numberofhouseholds": 918370,
  "target-Numberoffamilies": 691495
 },
 {
  "source-State": "Utah (5)",
  "source-National Park": "Zion",
  "source-Year Established": 1919,
  "target-Rank": 41,
  "target-State": "Utah",
  "target-Percapitaincome": 24877,
  "target-Medianhouseholdincome": 60922,
  "target-Medianfamilyincome": 69535,
  "target-Population": 2942902,
  "target-Numberofhouseholds": 918370,
  "target-Numberoffamilies": 691495
 },
 {
  "source-State": "Virginia",
  "source-National Park": "Shenandoah",
  "source-Year Established": 1935,
  "target-Rank": 6,
  "target-State": "Virginia",
  "target-Percapitaincome": 34052,
  "target-Medianhouseholdincome": 64902,
  "target-Medianfamilyincome": 78290,
  "target-Population": 8326289,
  "target-Numberofhouseholds": 3083820,
  "target-Numberoffamilies": 2058820
 },
 {
  "source-State": "Washington (3)",
  "source-National Park": "Mount Rainier",
  "source-Year Established": 1899,
  "target-Rank": 12,
  "target-State": "Washington",
  "target-Percapitaincome": 31841,
  "target-Medianhouseholdincome": 61366,
  "target-Medianfamilyincome": 74193,
  "target-Population": 7061530,
  "target-Numberofhouseholds": 2679601,
  "target-Numberoffamilies": 1725099
 },
 {
  "source-State": "Washington (3)",
  "source-National Park": "North Cascades",
  "source-Year Established": 1968,
  "target-Rank": 12,
  "target-State": "Washington",
  "target-Percapitaincome": 31841,
  "target-Medianhouseholdincome": 61366,
  "target-Medianfamilyincome": 74193,
  "target-Population": 7061530,
  "target-Numberofhouseholds": 2679601,
  "target-Numberoffamilies": 1725099
 },
 {
  "source-State": "Washington (3)",
  "source-National Park": "Olympic",
  "source-Year Established": 1938,
  "target-Rank": 12,
  "target-State": "Washington",
  "target-Percapitaincome": 31841,
  "target-Medianhouseholdincome": 61366,
  "target-Medianfamilyincome": 74193,
  "target-Population": 7061530,
  "target-Numberofhouseholds": 2679601,
  "target-Numberoffamilies": 1725099
 },
 {
  "source-State": "Wyoming (2)",
  "source-National Park": "Grand Teton",
  "source-Year Established": 1929,
  "target-Rank": 18,
  "target-State": "Wyoming",
  "target-Percapitaincome": 29698,
  "target-Medianhouseholdincome": 57055,
  "target-Medianfamilyincome": 72460,
  "target-Population": 584153,
  "target-Numberofhouseholds": 232594,
  "target-Numberoffamilies": 149032
 },
 {
  "source-State": "Wyoming (2)",
  "source-National Park": "Yellowstone",
  "source-Year Established": 1872,
  "target-Rank": 18,
  "target-State": "Wyoming",
  "target-Percapitaincome": 29698,
  "target-Medianhouseholdincome": 57055,
  "target-Medianfamilyincome": 72460,
  "target-Population": 584153,
  "target-Numberofhouseholds": 232594,
  "target-Numberoffamilies": 149032
 }
]