[
 {
  "source-Name": "Acadia",
  "source-Location": "Maine; 44°21′N 68°13′W﻿ \/ ﻿44.35°N 68.21°W",
  "source-Area": "47389.67 acres (191.8 km2)",
  "source-Recreation Visitors (2014)": 2563129,
  "source-Description": "Covering most of Mount Desert Island and other coastal islands Acadia features the tallest mountain",
  "target-Rank": 23,
  "target-State": "Maine",
  "target-Per capita income": 27978,
  "target-Median household income": 49462,
  "target-Median family income": 62078,
  "target-Population": 1330089,
  "target-Number of households": 549841,
  "target-Number of families": 344585
 },
 {
  "source-Name": "Arches",
  "source-Location": "Utah; 38°41′N 109°34′W﻿ \/ ﻿38.68°N 109.57°W",
  "source-Area": "76518.98 acres (309.7 km2)",
  "source-Recreation Visitors (2014)": 1284767,
  "source-Description": "This site features more than 2000 natural sandstone arches including the famous Delicate Arch. In",
  "target-Rank": 41,
  "target-State": "Utah",
  "target-Per capita income": 24877,
  "target-Median household income": 60922,
  "target-Median family income": 69535,
  "target-Population": 2942902,
  "target-Number of households": 918370,
  "target-Number of families": 691495
 },
 {
  "source-Name": "Badlands",
  "source-Location": "South Dakota; 43°45′N 102°30′W﻿ \/ ﻿43.75°N 102.50°W",
  "source-Area": "242755.94 acres (982.4 km2)",
  "source-Recreation Visitors (2014)": 868094,
  "source-Description": "The Badlands are a collection of buttes pinnacles spires and grass prairies. It has the world&#39;s r",
  "target-Rank": 28,
  "target-State": "South Dakota",
  "target-Per capita income": 26959,
  "target-Median household income": 50979,
  "target-Median family income": 66936,
  "target-Population": 853175,
  "target-Number of households": 334475,
  "target-Number of families": 211235
 },
 {
  "source-Name": "Big Bend",
  "source-Location": "Texas; 29°15′N 103°15′W﻿ \/ ﻿29.25°N 103.25°W",
  "source-Area": "801163.21 acres (3242.2 km2)",
  "source-Recreation Visitors (2014)": 314102,
  "source-Description": "Named for the prominent bend in the Rio Grande along the US–Mexico border this park encompasses a",
  "target-Rank": 27,
  "target-State": "Texas",
  "target-Per capita income": 27125,
  "target-Median household income": 53035,
  "target-Median family income": 62830,
  "target-Population": 26956958,
  "target-Number of households": 9277197,
  "target-Number of families": 6407165
 },
 {
  "source-Name": "Biscayne",
  "source-Location": "Florida; 25°39′N 80°05′W﻿ \/ ﻿25.65°N 80.08°W",
  "source-Area": "172924.07 acres (699.8 km2)",
  "source-Recreation Visitors (2014)": 525745,
  "source-Description": "Located in Biscayne Bay this park at the north end of the Florida Keys has four interrelated marine",
  "target-Rank": 31,
  "target-State": "Florida",
  "target-Per capita income": 26582,
  "target-Median household income": 47463,
  "target-Median family income": 57212,
  "target-Population": 19893297,
  "target-Number of households": 7328046,
  "target-Number of families": 4693411
 },
 {
  "source-Name": "Black Canyon of the Gunnison",
  "source-Location": "Colorado; 38°34′N 107°43′W﻿ \/ ﻿38.57°N 107.72°W",
  "source-Area": "32950.03 acres (133.3 km2)",
  "source-Recreation Visitors (2014)": 183045,
  "source-Description": "The park protects a quarter of the Gunnison River which slices sheer canyon walls from dark Precamb",
  "target-Rank": 11,
  "target-State": "Colorado",
  "target-Per capita income": 32357,
  "target-Median household income": 61303,
  "target-Median family income": 75405,
  "target-Population": 5355866,
  "target-Number of households": 2039592,
  "target-Number of families": 1315283
 },
 {
  "source-Name": "Bryce Canyon",
  "source-Location": "Utah; 37°34′N 112°11′W﻿ \/ ﻿37.57°N 112.18°W",
  "source-Area": "35835.08 acres (145.0 km2)",
  "source-Recreation Visitors (2014)": 1435741,
  "source-Description": "Bryce Canyon is a giant geological amphitheater on the Paunsaugunt Plateau. The unique area has hund",
  "target-Rank": 41,
  "target-State": "Utah",
  "target-Per capita income": 24877,
  "target-Median household income": 60922,
  "target-Median family income": 69535,
  "target-Population": 2942902,
  "target-Number of households": 918370,
  "target-Number of families": 691495
 },
 {
  "source-Name": "Canyonlands",
  "source-Location": "Utah; 38°12′N 109°56′W﻿ \/ ﻿38.2°N 109.93°W",
  "source-Area": "337597.83 acres (1366.2 km2)",
  "source-Recreation Visitors (2014)": 542431,
  "source-Description": "This landscape was eroded into a maze of canyons buttes and mesas by the combined efforts of the C",
  "target-Rank": 41,
  "target-State": "Utah",
  "target-Per capita income": 24877,
  "target-Median household income": 60922,
  "target-Median family income": 69535,
  "target-Population": 2942902,
  "target-Number of households": 918370,
  "target-Number of families": 691495
 },
 {
  "source-Name": "Capitol Reef",
  "source-Location": "Utah; 38°12′N 111°10′W﻿ \/ ﻿38.20°N 111.17°W",
  "source-Area": "241904.26 acres (979.0 km2)",
  "source-Recreation Visitors (2014)": 786514,
  "source-Description": "The park&#39;s Waterpocket Fold is a 100-mile (160 km) monocline that exhibits the earth&#39;s diverse geolo",
  "target-Rank": 41,
  "target-State": "Utah",
  "target-Per capita income": 24877,
  "target-Median household income": 60922,
  "target-Median family income": 69535,
  "target-Population": 2942902,
  "target-Number of households": 918370,
  "target-Number of families": 691495
 },
 {
  "source-Name": "Carlsbad Caverns",
  "source-Location": "New Mexico; 32°10′N 104°26′W﻿ \/ ﻿32.17°N 104.44°W",
  "source-Area": "46766.45 acres (189.3 km2)",
  "source-Recreation Visitors (2014)": 397309,
  "source-Description": "Carlsbad Caverns has 117 caves the longest of which is over 120 miles (190 km) long. The Big Room i",
  "target-Rank": 46,
  "target-State": "New Mexico",
  "target-Per capita income": 23683,
  "target-Median household income": 44803,
  "target-Median family income": 54705,
  "target-Population": 2085572,
  "target-Number of households": 760916,
  "target-Number of families": 489532
 },
 {
  "source-Name": "Channel Islands",
  "source-Location": "California; 34°01′N 119°25′W﻿ \/ ﻿34.01°N 119.42°W",
  "source-Area": "249561.00 acres (1009.9 km2)",
  "source-Recreation Visitors (2014)": 342161,
  "source-Description": "Five of the eight Channel Islands are protected and half of the park&#39;s area is underwater. The isla",
  "target-Rank": 15,
  "target-State": "California",
  "target-Per capita income": 30441,
  "target-Median household income": 61933,
  "target-Median family income": 71015,
  "target-Population": 38802500,
  "target-Number of households": 12758648,
  "target-Number of families": 8762059
 },
 {
  "source-Name": "Congaree",
  "source-Location": "South Carolina; 33°47′N 80°47′W﻿ \/ ﻿33.78°N 80.78°W",
  "source-Area": "26545.86 acres (107.4 km2)",
  "source-Recreation Visitors (2014)": 120122,
  "source-Description": "On the Congaree River this park is the largest portion of old-growth floodplain forest left in Nort",
  "target-Rank": 43,
  "target-State": "South Carolina",
  "target-Per capita income": 24596,
  "target-Median household income": 45238,
  "target-Median family income": 56491,
  "target-Population": 4832482,
  "target-Number of households": 1826914,
  "target-Number of families": 1201616
 },
 {
  "source-Name": "Crater Lake",
  "source-Location": "Oregon; 42°56′N 122°06′W﻿ \/ ﻿42.94°N 122.1°W",
  "source-Area": "183224.05 acres (741.5 km2)",
  "source-Recreation Visitors (2014)": 535508,
  "source-Description": "Crater Lake lies in the caldera of an ancient volcano called Mount Mazama that collapsed 7700 years",
  "target-Rank": 25,
  "target-State": "Oregon",
  "target-Per capita income": 27646,
  "target-Median household income": 51075,
  "target-Median family income": 62670,
  "target-Population": 3970239,
  "target-Number of households": 1535511,
  "target-Number of families": 966250
 },
 {
  "source-Name": "Cuyahoga Valley",
  "source-Location": "Ohio; 41°14′N 81°33′W﻿ \/ ﻿41.24°N 81.55°W",
  "source-Area": "32860.73 acres (133.0 km2)",
  "source-Recreation Visitors (2014)": 2189849,
  "source-Description": "This park along the Cuyahoga River has waterfalls hills trails and exhibits on early rural living",
  "target-Rank": 29,
  "target-State": "Ohio",
  "target-Per capita income": 26937,
  "target-Median household income": 49308,
  "target-Median family income": 62300,
  "target-Population": 11594163,
  "target-Number of households": 4593172,
  "target-Number of families": 2923523
 },
 {
  "source-Name": "Death Valley",
  "source-Location": "California Nevada; 36°14′N 116°49′W﻿ \/ ﻿36.24°N 116.82°W",
  "source-Area": "3372401.96 acres (13647.6 km2)",
  "source-Recreation Visitors (2014)": 1101312,
  "source-Description": "Death Valley is the hottest lowest and driest place in the United States. Daytime temperatures hav",
  "target-Rank": 15,
  "target-State": "California",
  "target-Per capita income": 30441,
  "target-Median household income": 61933,
  "target-Median family income": 71015,
  "target-Population": 38802500,
  "target-Number of households": 12758648,
  "target-Number of families": 8762059
 },
 {
  "source-Name": "Denali",
  "source-Location": "Alaska; 63°20′N 150°30′W﻿ \/ ﻿63.33°N 150.50°W",
  "source-Area": "4740911.72 acres (19185.8 km2)",
  "source-Recreation Visitors (2014)": 531315,
  "source-Description": "Centered around Denali the tallest mountain in North America Denali is serviced by a single road l",
  "target-Rank": 9,
  "target-State": "Alaska",
  "target-Per capita income": 33062,
  "target-Median household income": 71583,
  "target-Median family income": 82307,
  "target-Population": 736732,
  "target-Number of households": 249659,
  "target-Number of families": 165015
 },
 {
  "source-Name": "Dry Tortugas",
  "source-Location": "Florida; 24°38′N 82°52′W﻿ \/ ﻿24.63°N 82.87°W",
  "source-Area": "64701.22 acres (261.8 km2)",
  "source-Recreation Visitors (2014)": 64865,
  "source-Description": "The islands of the Dry Tortugas at the westernmost end of the Florida Keys are the site of Fort Je",
  "target-Rank": 31,
  "target-State": "Florida",
  "target-Per capita income": 26582,
  "target-Median household income": 47463,
  "target-Median family income": 57212,
  "target-Population": 19893297,
  "target-Number of households": 7328046,
  "target-Number of families": 4693411
 },
 {
  "source-Name": "Everglades",
  "source-Location": "Florida; 25°19′N 80°56′W﻿ \/ ﻿25.32°N 80.93°W",
  "source-Area": "1508537.90 acres (6104.8 km2)",
  "source-Recreation Visitors (2014)": 1110901,
  "source-Description": "The Everglades are the largest subtropical wilderness in the United States. This mangrove ecosystem",
  "target-Rank": 31,
  "target-State": "Florida",
  "target-Per capita income": 26582,
  "target-Median household income": 47463,
  "target-Median family income": 57212,
  "target-Population": 19893297,
  "target-Number of households": 7328046,
  "target-Number of families": 4693411
 },
 {
  "source-Name": "Gates of the Arctic",
  "source-Location": "Alaska; 67°47′N 153°18′W﻿ \/ ﻿67.78°N 153.30°W",
  "source-Area": "7523897.74 acres (30448.1 km2)",
  "source-Recreation Visitors (2014)": 12669,
  "source-Description": "The country&#39;s northernmost park protects an expanse of pure wilderness in Alaska&#39;s Brooks Range and",
  "target-Rank": 9,
  "target-State": "Alaska",
  "target-Per capita income": 33062,
  "target-Median household income": 71583,
  "target-Median family income": 82307,
  "target-Population": 736732,
  "target-Number of households": 249659,
  "target-Number of families": 165015
 },
 {
  "source-Name": "Glacier",
  "source-Location": "Montana; 48°48′N 114°00′W﻿ \/ ﻿48.80°N 114.00°W",
  "source-Area": "1013572.41 acres (4101.8 km2)",
  "source-Recreation Visitors (2014)": 2338528,
  "source-Description": "The U.S. half of Waterton-Glacier International Peace Park this park hosts 26 glaciers and 130 name",
  "target-Rank": 33,
  "target-State": "Montana",
  "target-Per capita income": 25989,
  "target-Median household income": 46328,
  "target-Median family income": 60643,
  "target-Population": 1023579,
  "target-Number of households": 410962,
  "target-Number of families": 251176
 },
 {
  "source-Name": "Glacier Bay",
  "source-Location": "Alaska; 58°30′N 137°00′W﻿ \/ ﻿58.50°N 137.00°W",
  "source-Area": "3224840.31 acres (13050.5 km2)",
  "source-Recreation Visitors (2014)": 500727,
  "source-Description": "Glacier Bay has numerous tidewater glaciers mountains fjords and a temperate rainforest and is h",
  "target-Rank": 9,
  "target-State": "Alaska",
  "target-Per capita income": 33062,
  "target-Median household income": 71583,
  "target-Median family income": 82307,
  "target-Population": 736732,
  "target-Number of households": 249659,
  "target-Number of families": 165015
 },
 {
  "source-Name": "Grand Canyon",
  "source-Location": "Arizona; 36°04′N 112°08′W﻿ \/ ﻿36.06°N 112.14°W",
  "source-Area": "1217403.32 acres (4926.7 km2)",
  "source-Recreation Visitors (2014)": 4756771,
  "source-Description": "The Grand Canyon carved by the mighty Colorado River is 277 miles (446 km) long up to 1 mile (1.6",
  "target-Rank": 36,
  "target-State": "Arizona",
  "target-Per capita income": 25715,
  "target-Median household income": 50068,
  "target-Median family income": 59700,
  "target-Population": 6731484,
  "target-Number of households": 2428743,
  "target-Number of families": 1579481
 },
 {
  "source-Name": "Grand Teton",
  "source-Location": "Wyoming; 43°44′N 110°48′W﻿ \/ ﻿43.73°N 110.80°W",
  "source-Area": "309994.66 acres (1254.5 km2)",
  "source-Recreation Visitors (2014)": 2791392,
  "source-Description": "Grand Teton is the tallest mountain in the Teton Range. The park&#39;s historic Jackson Hole and reflect",
  "target-Rank": 18,
  "target-State": "Wyoming",
  "target-Per capita income": 29698,
  "target-Median household income": 57055,
  "target-Median family income": 72460,
  "target-Population": 584153,
  "target-Number of households": 232594,
  "target-Number of families": 149032
 },
 {
  "source-Name": "Great Basin",
  "source-Location": "Nevada; 38°59′N 114°18′W﻿ \/ ﻿38.98°N 114.30°W",
  "source-Area": "77180.00 acres (312.3 km2)",
  "source-Recreation Visitors (2014)": 107526,
  "source-Description": "Based around Nevada&#39;s second tallest mountain Wheeler Peak Great Basin National Park contains 500",
  "target-Rank": 35,
  "target-State": "Nevada",
  "target-Per capita income": 25773,
  "target-Median household income": 51450,
  "target-Median family income": 60824,
  "target-Population": 2839099,
  "target-Number of households": 1021519,
  "target-Number of families": 642461
 },
 {
  "source-Name": "Great Sand Dunes",
  "source-Location": "Colorado; 37°44′N 105°31′W﻿ \/ ﻿37.73°N 105.51°W",
  "source-Area": "42983.74 acres (173.9 km2)",
  "source-Recreation Visitors (2014)": 271774,
  "source-Description": "The tallest sand dunes in North America up to 750 feet (230 m) tall were formed by deposits of the",
  "target-Rank": 11,
  "target-State": "Colorado",
  "target-Per capita income": 32357,
  "target-Median household income": 61303,
  "target-Median family income": 75405,
  "target-Population": 5355866,
  "target-Number of households": 2039592,
  "target-Number of families": 1315283
 },
 {
  "source-Name": "Great Smoky Mountains",
  "source-Location": "North Carolina Tennessee; 35°41′N 83°32′W﻿ \/ ﻿35.68°N 83.53°W",
  "source-Area": "521490.13 acres (2110.4 km2)",
  "source-Recreation Visitors (2014)": 10099276,
  "source-Description": "The Great Smoky Mountains part of the Appalachian Mountains span a wide range of elevations makin",
  "target-Rank": 34,
  "target-State": "North Carolina",
  "target-Per capita income": 25774,
  "target-Median household income": 46556,
  "target-Median family income": 57380,
  "target-Population": 9943964,
  "target-Number of households": 3790620,
  "target-Number of families": 2492048
 },
 {
  "source-Name": "Guadalupe Mountains",
  "source-Location": "Texas; 31°55′N 104°52′W﻿ \/ ﻿31.92°N 104.87°W",
  "source-Area": "86415.97 acres (349.7 km2)",
  "source-Recreation Visitors (2014)": 166868,
  "source-Description": "This park boasts Guadalupe Peak the highest point in Texas; the scenic McKittrick Canyon filled wit",
  "target-Rank": 27,
  "target-State": "Texas",
  "target-Per capita income": 27125,
  "target-Median household income": 53035,
  "target-Median family income": 62830,
  "target-Population": 26956958,
  "target-Number of households": 9277197,
  "target-Number of families": 6407165
 },
 {
  "source-Name": "Haleakalā",
  "source-Location": "Hawaii; 20°43′N 156°10′W﻿ \/ ﻿20.72°N 156.17°W",
  "source-Area": "29093.67 acres (117.7 km2)",
  "source-Recreation Visitors (2014)": 1142040,
  "source-Description": "The Haleakalā volcano on Maui features a very large crater with numerous cinder cones Hosmer&#39;s Gro",
  "target-Rank": 17,
  "target-State": "Hawaii",
  "target-Per capita income": 29736,
  "target-Median household income": 69592,
  "target-Median family income": 79187,
  "target-Population": 1419561,
  "target-Number of households": 450769,
  "target-Number of families": 314151
 },
 {
  "source-Name": "Hawaii Volcanoes",
  "source-Location": "Hawaii; 19°23′N 155°12′W﻿ \/ ﻿19.38°N 155.20°W",
  "source-Area": "323431.38 acres (1308.9 km2)",
  "source-Recreation Visitors (2014)": 1693005,
  "source-Description": "This park on the Big Island protects the famous Kīlauea and Mauna Loa volcanoes two of the world&#39;s",
  "target-Rank": 17,
  "target-State": "Hawaii",
  "target-Per capita income": 29736,
  "target-Median household income": 69592,
  "target-Median family income": 79187,
  "target-Population": 1419561,
  "target-Number of households": 450769,
  "target-Number of families": 314151
 },
 {
  "source-Name": "Hot Springs",
  "source-Location": "Arkansas; 34°31′N 93°03′W﻿ \/ ﻿34.51°N 93.05°W",
  "source-Area": "5549.75 acres (22.5 km2)",
  "source-Recreation Visitors (2014)": 1424484,
  "source-Description": "Hot Springs was established by act of Congress as a federal reserve on April 20 1832 as such it is",
  "target-Rank": 48,
  "target-State": "Arkansas",
  "target-Per capita income": 22883,
  "target-Median household income": 41262,
  "target-Median family income": 51528,
  "target-Population": 2966369,
  "target-Number of households": 1131288,
  "target-Number of families": 752212
 },
 {
  "source-Name": "Isle Royale",
  "source-Location": "Michigan; 48°06′N 88°33′W﻿ \/ ﻿48.10°N 88.55°W",
  "source-Area": "571790.11 acres (2314.0 km2)",
  "source-Recreation Visitors (2014)": 14560,
  "source-Description": "The largest island in Lake Superior is a place of isolation and wilderness. Along with its many ship",
  "target-Rank": 30,
  "target-State": "Michigan",
  "target-Per capita income": 26613,
  "target-Median household income": 49847,
  "target-Median family income": 62143,
  "target-Population": 9909877,
  "target-Number of households": 3834574,
  "target-Number of families": 2485159
 },
 {
  "source-Name": "Joshua Tree",
  "source-Location": "California; 33°47′N 115°54′W﻿ \/ ﻿33.79°N 115.90°W",
  "source-Area": "789745.47 acres (3196.0 km2)",
  "source-Recreation Visitors (2014)": 1589904,
  "source-Description": "Covering large areas of the Colorado and Mojave Deserts and the Little San Bernardino Mountains thi",
  "target-Rank": 15,
  "target-State": "California",
  "target-Per capita income": 30441,
  "target-Median household income": 61933,
  "target-Median family income": 71015,
  "target-Population": 38802500,
  "target-Number of households": 12758648,
  "target-Number of families": 8762059
 },
 {
  "source-Name": "Katmai",
  "source-Location": "Alaska; 58°30′N 155°00′W﻿ \/ ﻿58.50°N 155.00°W",
  "source-Area": "3674529.68 acres (14870.3 km2)",
  "source-Recreation Visitors (2014)": 30896,
  "source-Description": "This park on the Alaska Peninsula protects the Valley of Ten Thousand Smokes an ash flow formed by",
  "target-Rank": 9,
  "target-State": "Alaska",
  "target-Per capita income": 33062,
  "target-Median household income": 71583,
  "target-Median family income": 82307,
  "target-Population": 736732,
  "target-Number of households": 249659,
  "target-Number of families": 165015
 },
 {
  "source-Name": "Kenai Fjords",
  "source-Location": "Alaska; 59°55′N 149°39′W﻿ \/ ﻿59.92°N 149.65°W",
  "source-Area": "669982.99 acres (2711.3 km2)",
  "source-Recreation Visitors (2014)": 270666,
  "source-Description": "Near Seward on the Kenai Peninsula this park protects the Harding Icefield and at least 38 glaciers",
  "target-Rank": 9,
  "target-State": "Alaska",
  "target-Per capita income": 33062,
  "target-Median household income": 71583,
  "target-Median family income": 82307,
  "target-Population": 736732,
  "target-Number of households": 249659,
  "target-Number of families": 165015
 },
 {
  "source-Name": "Kings Canyon",
  "source-Location": "California; 36°48′N 118°33′W﻿ \/ ﻿36.80°N 118.55°W",
  "source-Area": "461901.20 acres (1869.2 km2)",
  "source-Recreation Visitors (2014)": 502268,
  "source-Description": "Home to several giant sequoia groves and the General Grant Tree the world&#39;s second largest this pa",
  "target-Rank": 15,
  "target-State": "California",
  "target-Per capita income": 30441,
  "target-Median household income": 61933,
  "target-Median family income": 71015,
  "target-Population": 38802500,
  "target-Number of households": 12758648,
  "target-Number of families": 8762059
 },
 {
  "source-Name": "Kobuk Valley",
  "source-Location": "Alaska; 67°33′N 159°17′W﻿ \/ ﻿67.55°N 159.28°W",
  "source-Area": "1750716.50 acres (7084.9 km2)",
  "source-Recreation Visitors (2014)": 16875,
  "source-Description": "Kobuk Valley protects 61 miles (98 km) of the Kobuk River and three regions of sand dunes. Created b",
  "target-Rank": 9,
  "target-State": "Alaska",
  "target-Per capita income": 33062,
  "target-Median household income": 71583,
  "target-Median family income": 82307,
  "target-Population": 736732,
  "target-Number of households": 249659,
  "target-Number of families": 165015
 },
 {
  "source-Name": "Lake Clark",
  "source-Location": "Alaska; 60°58′N 153°25′W﻿ \/ ﻿60.97°N 153.42°W",
  "source-Area": "2619733.21 acres (10601.7 km2)",
  "source-Recreation Visitors (2014)": 16100,
  "source-Description": "The region around Lake Clark features four active volcanoes including Mount Redoubt as well as an",
  "target-Rank": 9,
  "target-State": "Alaska",
  "target-Per capita income": 33062,
  "target-Median household income": 71583,
  "target-Median family income": 82307,
  "target-Population": 736732,
  "target-Number of households": 249659,
  "target-Number of families": 165015
 },
 {
  "source-Name": "Lassen Volcanic",
  "source-Location": "California; 40°29′N 121°31′W﻿ \/ ﻿40.49°N 121.51°W",
  "source-Area": "106372.36 acres (430.5 km2)",
  "source-Recreation Visitors (2014)": 432977,
  "source-Description": "Lassen Peak the largest plug dome volcano in the world is joined by all three other types of volca",
  "target-Rank": 15,
  "target-State": "California",
  "target-Per capita income": 30441,
  "target-Median household income": 61933,
  "target-Median family income": 71015,
  "target-Population": 38802500,
  "target-Number of households": 12758648,
  "target-Number of families": 8762059
 },
 {
  "source-Name": "Mammoth Cave",
  "source-Location": "Kentucky; 37°11′N 86°06′W﻿ \/ ﻿37.18°N 86.10°W",
  "source-Area": "52830.19 acres (213.8 km2)",
  "source-Recreation Visitors (2014)": 522628,
  "source-Description": "With more than 400 miles (640 km) of passageways explored Mammoth Cave is by far the world&#39;s longes",
  "target-Rank": 45,
  "target-State": "Kentucky",
  "target-Per capita income": 23684,
  "target-Median household income": 42958,
  "target-Median family income": 54776,
  "target-Population": 4413457,
  "target-Number of households": 1712094,
  "target-Number of families": 1124586
 },
 {
  "source-Name": "Mesa Verde",
  "source-Location": "Colorado; 37°11′N 108°29′W﻿ \/ ﻿37.18°N 108.49°W",
  "source-Area": "52121.93 acres (210.9 km2)",
  "source-Recreation Visitors (2014)": 501563,
  "source-Description": "This area constitutes over 4000 archaeological sites of the Ancestral Puebloan people who lived he",
  "target-Rank": 11,
  "target-State": "Colorado",
  "target-Per capita income": 32357,
  "target-Median household income": 61303,
  "target-Median family income": 75405,
  "target-Population": 5355866,
  "target-Number of households": 2039592,
  "target-Number of families": 1315283
 },
 {
  "source-Name": "Mount Rainier",
  "source-Location": "Washington; 46°51′N 121°45′W﻿ \/ ﻿46.85°N 121.75°W",
  "source-Area": "235625.00 acres (953.5 km2)",
  "source-Recreation Visitors (2014)": 1264259,
  "source-Description": "Mount Rainier an active stratovolcano is the most prominent peak in the Cascades and is covered b",
  "target-Rank": 12,
  "target-State": "Washington",
  "target-Per capita income": 31841,
  "target-Median household income": 61366,
  "target-Median family income": 74193,
  "target-Population": 7061530,
  "target-Number of households": 2679601,
  "target-Number of families": 1725099
 },
 {
  "source-Name": "North Cascades",
  "source-Location": "Washington; 48°42′N 121°12′W﻿ \/ ﻿48.70°N 121.20°W",
  "source-Area": "504780.94 acres (2042.8 km2)",
  "source-Recreation Visitors (2014)": 23865,
  "source-Description": "This complex encompasses two units of the national park itself as well as the Ross Lake and Lake Che",
  "target-Rank": 12,
  "target-State": "Washington",
  "target-Per capita income": 31841,
  "target-Median household income": 61366,
  "target-Median family income": 74193,
  "target-Population": 7061530,
  "target-Number of households": 2679601,
  "target-Number of families": 1725099
 },
 {
  "source-Name": "Olympic",
  "source-Location": "Washington; 47°58′N 123°30′W﻿ \/ ﻿47.97°N 123.50°W",
  "source-Area": "922650.86 acres (3733.8 km2)",
  "source-Recreation Visitors (2014)": 3243872,
  "source-Description": "Situated on the Olympic Peninsula this park straddles a diversity of ecosystems from Pacific shorel",
  "target-Rank": 12,
  "target-State": "Washington",
  "target-Per capita income": 31841,
  "target-Median household income": 61366,
  "target-Median family income": 74193,
  "target-Population": 7061530,
  "target-Number of households": 2679601,
  "target-Number of families": 1725099
 },
 {
  "source-Name": "Petrified Forest",
  "source-Location": "Arizona; 35°04′N 109°47′W﻿ \/ ﻿35.07°N 109.78°W",
  "source-Area": "93532.57 acres (378.5 km2)",
  "source-Recreation Visitors (2014)": 836799,
  "source-Description": "This portion of the Chinle Formation has a great concentration of 225-million-year-old petrified woo",
  "target-Rank": 36,
  "target-State": "Arizona",
  "target-Per capita income": 25715,
  "target-Median household income": 50068,
  "target-Median family income": 59700,
  "target-Population": 6731484,
  "target-Number of households": 2428743,
  "target-Number of families": 1579481
 },
 {
  "source-Name": "Pinnacles",
  "source-Location": "California; 36°29′N 121°10′W﻿ \/ ﻿36.48°N 121.16°W",
  "source-Area": "26605.73 acres (107.7 km2)",
  "source-Recreation Visitors (2014)": 196635,
  "source-Description": "Named for the eroded leftovers of a portion of an extinct volcano the park is famous for its massiv",
  "target-Rank": 15,
  "target-State": "California",
  "target-Per capita income": 30441,
  "target-Median household income": 61933,
  "target-Median family income": 71015,
  "target-Population": 38802500,
  "target-Number of households": 12758648,
  "target-Number of families": 8762059
 },
 {
  "source-Name": "Redwood",
  "source-Location": "California; 41°18′N 124°00′W﻿ \/ ﻿41.30°N 124.00°W",
  "source-Area": "112512.05 acres (455.3 km2)",
  "source-Recreation Visitors (2014)": 429166,
  "source-Description": "This park and the co-managed state parks protect almost half of all remaining coastal redwoods the",
  "target-Rank": 15,
  "target-State": "California",
  "target-Per capita income": 30441,
  "target-Median household income": 61933,
  "target-Median family income": 71015,
  "target-Population": 38802500,
  "target-Number of households": 12758648,
  "target-Number of families": 8762059
 },
 {
  "source-Name": "Rocky Mountain",
  "source-Location": "Colorado; 40°24′N 105°35′W﻿ \/ ﻿40.40°N 105.58°W",
  "source-Area": "265828.41 acres (1075.8 km2)",
  "source-Recreation Visitors (2014)": 3434751,
  "source-Description": "Bisected north to south by the Continental Divide this portion of the Rockies has ecosystems varyin",
  "target-Rank": 11,
  "target-State": "Colorado",
  "target-Per capita income": 32357,
  "target-Median household income": 61303,
  "target-Median family income": 75405,
  "target-Population": 5355866,
  "target-Number of households": 2039592,
  "target-Number of families": 1315283
 },
 {
  "source-Name": "Saguaro",
  "source-Location": "Arizona; 32°15′N 110°30′W﻿ \/ ﻿32.25°N 110.50°W",
  "source-Area": "91439.71 acres (370.0 km2)",
  "source-Recreation Visitors (2014)": 673572,
  "source-Description": "Split into the separate Rincon Mountain and Tucson Mountain districts this park is evidence that th",
  "target-Rank": 36,
  "target-State": "Arizona",
  "target-Per capita income": 25715,
  "target-Median household income": 50068,
  "target-Median family income": 59700,
  "target-Population": 6731484,
  "target-Number of households": 2428743,
  "target-Number of families": 1579481
 },
 {
  "source-Name": "Sequoia",
  "source-Location": "California; 36°26′N 118°41′W﻿ \/ ﻿36.43°N 118.68°W",
  "source-Area": "404051.17 acres (1635.1 km2)",
  "source-Recreation Visitors (2014)": 1039137,
  "source-Description": "This park protects the Giant Forest which boasts some of the world&#39;s largest trees the General She",
  "target-Rank": 15,
  "target-State": "California",
  "target-Per capita income": 30441,
  "target-Median household income": 61933,
  "target-Median family income": 71015,
  "target-Population": 38802500,
  "target-Number of households": 12758648,
  "target-Number of families": 8762059
 },
 {
  "source-Name": "Shenandoah",
  "source-Location": "Virginia; 38°32′N 78°21′W﻿ \/ ﻿38.53°N 78.35°W",
  "source-Area": "199045.23 acres (805.5 km2)",
  "source-Recreation Visitors (2014)": 1255321,
  "source-Description": "Shenandoah&#39;s Blue Ridge Mountains are covered by sprawling hardwood forests that teem with tens of t",
  "target-Rank": 6,
  "target-State": "Virginia",
  "target-Per capita income": 34052,
  "target-Median household income": 64902,
  "target-Median family income": 78290,
  "target-Population": 8326289,
  "target-Number of households": 3083820,
  "target-Number of families": 2058820
 },
 {
  "source-Name": "Theodore Roosevelt",
  "source-Location": "North Dakota; 46°58′N 103°27′W﻿ \/ ﻿46.97°N 103.45°W",
  "source-Area": "70446.89 acres (285.1 km2)",
  "source-Recreation Visitors (2014)": 559580,
  "source-Description": "This region that enticed and influenced President Theodore Roosevelt consists of a park of three uni",
  "target-Rank": 8,
  "target-State": "North Dakota",
  "target-Per capita income": 33071,
  "target-Median household income": 59029,
  "target-Median family income": 75221,
  "target-Population": 739482,
  "target-Number of households": 305431,
  "target-Number of families": 187800
 },
 {
  "source-Name": "Voyageurs",
  "source-Location": "Minnesota; 48°30′N 92°53′W﻿ \/ ﻿48.50°N 92.88°W",
  "source-Area": "218200.17 acres (883.0 km2)",
  "source-Recreation Visitors (2014)": 239160,
  "source-Description": "This park protecting four lakes near the Canadian border is a site for canoeing kayaking and fishi",
  "target-Rank": 10,
  "target-State": "Minnesota",
  "target-Per capita income": 32638,
  "target-Median household income": 61481,
  "target-Median family income": 77941,
  "target-Population": 5457173,
  "target-Number of households": 2129195,
  "target-Number of families": 1369594
 },
 {
  "source-Name": "Wind Cave",
  "source-Location": "South Dakota; 43°34′N 103°29′W﻿ \/ ﻿43.57°N 103.48°W",
  "source-Area": "28295.03 acres (114.5 km2)",
  "source-Recreation Visitors (2014)": 542022,
  "source-Description": "Wind Cave is distinctive for its calcite fin formations called boxwork and needle-like growths calle",
  "target-Rank": 28,
  "target-State": "South Dakota",
  "target-Per capita income": 26959,
  "target-Median household income": 50979,
  "target-Median family income": 66936,
  "target-Population": 853175,
  "target-Number of households": 334475,
  "target-Number of families": 211235
 },
 {
  "source-Name": "Wrangell–​St. Elias",
  "source-Location": "Alaska; 61°00′N 142°00′W﻿ \/ ﻿61.00°N 142.00°W",
  "source-Area": "8323147.59 acres (33682.6 km2)",
  "source-Recreation Visitors (2014)": 74722,
  "source-Description": "An immense plot of mountainous country protects the convergence of the Alaska Chugach and Wrangell",
  "target-Rank": 9,
  "target-State": "Alaska",
  "target-Per capita income": 33062,
  "target-Median household income": 71583,
  "target-Median family income": 82307,
  "target-Population": 736732,
  "target-Number of households": 249659,
  "target-Number of families": 165015
 },
 {
  "source-Name": "Yellowstone",
  "source-Location": "Wyoming Montana Idaho; 44°36′N 110°30′W﻿ \/ ﻿44.60°N 110.50°W",
  "source-Area": "2219790.71 acres (8983.2 km2)",
  "source-Recreation Visitors (2014)": 3513484,
  "source-Description": "Situated on the Yellowstone Caldera the park has an expansive network of geothermal areas including",
  "target-Rank": 18,
  "target-State": "Wyoming",
  "target-Per capita income": 29698,
  "target-Median household income": 57055,
  "target-Median family income": 72460,
  "target-Population": 584153,
  "target-Number of households": 232594,
  "target-Number of families": 149032
 },
 {
  "source-Name": "Yosemite",
  "source-Location": "California; 37°50′N 119°30′W﻿ \/ ﻿37.83°N 119.50°W",
  "source-Area": "761266.19 acres (3080.7 km2)",
  "source-Recreation Visitors (2014)": 3882642,
  "source-Description": "Among the earliest candidates for National Park status Yosemite features towering granite cliffs d",
  "target-Rank": 15,
  "target-State": "California",
  "target-Per capita income": 30441,
  "target-Median household income": 61933,
  "target-Median family income": 71015,
  "target-Population": 38802500,
  "target-Number of households": 12758648,
  "target-Number of families": 8762059
 },
 {
  "source-Name": "Zion",
  "source-Location": "Utah; 37°18′N 113°03′W﻿ \/ ﻿37.30°N 113.05°W",
  "source-Area": "146597.60 acres (593.3 km2)",
  "source-Recreation Visitors (2014)": 3189696,
  "source-Description": "Located at the junction of the Colorado Plateau Great Basin and Mojave Desert this geological won",
  "target-Rank": 41,
  "target-State": "Utah",
  "target-Per capita income": 24877,
  "target-Median household income": 60922,
  "target-Median family income": 69535,
  "target-Population": 2942902,
  "target-Number of households": 918370,
  "target-Number of families": 691495
 }
]