[
 {
  "source-OB": 1,
  "source-Name": "George Washington",
  "source-OP": 1,
  "source-Birthplace": "Pope&#39;s Creek",
  "source-State of Birth": "Virginia",
  "source-AP": 57,
  "target-State": "Virginia",
  "target-Presidents per state": 5,
  "target-Presidents": "George Washington*",
  "target-#th President": 1
 },
 {
  "source-OB": 2,
  "source-Name": "John Adams",
  "source-Birth Name": "John Adams Jr",
  "source-OP": 2,
  "source-Birthplace": "Braintree",
  "source-State of Birth": "Massachusetts",
  "source-AP": 61,
  "target-State": "Massachusetts",
  "target-Presidents per state": 4,
  "target-Presidents": "John Adams*",
  "target-#th President": 2
 },
 {
  "source-OB": 3,
  "source-Name": "Thomas Jefferson",
  "source-OP": 3,
  "source-Birthplace": "Goochland County",
  "source-State of Birth": "Virginia",
  "source-AP": 57,
  "target-State": "Virginia",
  "target-Presidents per state": 5,
  "target-Presidents": "Thomas Jefferson*",
  "target-#th President": 3
 },
 {
  "source-OB": 4,
  "source-Name": "James Madison",
  "source-Birth Name": "James Madison Jr",
  "source-OP": 4,
  "source-Birthplace": "Port Conway",
  "source-State of Birth": "Virginia",
  "source-AP": 57,
  "target-State": "Virginia",
  "target-Presidents per state": 5,
  "target-Presidents": "James Madison*",
  "target-#th President": 4
 },
 {
  "source-OB": 5,
  "source-Name": "James Monroe",
  "source-OP": 5,
  "source-Birthplace": "Monroe Hall",
  "source-State of Birth": "Virginia",
  "source-AP": 58,
  "target-State": "Virginia",
  "target-Presidents per state": 5,
  "target-Presidents": "James Monroe*",
  "target-#th President": 5
 },
 {
  "source-OB": 7,
  "source-Name": "John Quincy Adams",
  "source-OP": 6,
  "source-Birthplace": "Braintree",
  "source-State of Birth": "Massachusetts",
  "source-AP": 57,
  "target-State": "Massachusetts",
  "target-Presidents per state": 4,
  "target-Presidents": "John Quincy Adams*",
  "target-#th President": 6
 },
 {
  "source-OB": 6,
  "source-Name": "Andrew Jackson",
  "source-OP": 7,
  "source-Birthplace": "Waxhaws Region",
  "source-State of Birth": "South\/North Carolina",
  "source-AP": 61,
  "target-State": "Tennessee",
  "target-Presidents per state": 3,
  "target-Presidents": "Andrew Jackson*",
  "target-#th President": 7
 },
 {
  "source-OB": 9,
  "source-Name": "Martin Van Buren",
  "source-OP": 8,
  "source-Birthplace": "Kinderhook",
  "source-State of Birth": "New York",
  "source-AP": 54,
  "target-State": "New York",
  "target-Presidents per state": 6,
  "target-Presidents": "Martin Van Buren*",
  "target-#th President": 8
 },
 {
  "source-OB": 8,
  "source-Name": "William Henry Harrison",
  "source-OP": 9,
  "source-Birthplace": "Charles City County",
  "source-State of Birth": "Virginia",
  "source-AP": 68,
  "target-State": "Ohio",
  "target-Presidents per state": 6,
  "target-Presidents": "William Henry Harrison*",
  "target-#th President": 9
 },
 {
  "source-OB": 11,
  "source-Name": "John Tyler",
  "source-Birth Name": "John Tyler Jr",
  "source-OP": 10,
  "source-Birthplace": "Charles City County",
  "source-State of Birth": "Virginia",
  "source-AP": 51,
  "target-State": "Virginia",
  "target-Presidents per state": 5,
  "target-Presidents": "John Tyler*",
  "target-#th President": 10
 },
 {
  "source-OB": 13,
  "source-Name": "James K. Polk",
  "source-Birth Name": "James Knox Polk",
  "source-OP": 11,
  "source-Birthplace": "Pineville",
  "source-State of Birth": "North Carolina",
  "source-AP": 49,
  "target-State": "Tennessee",
  "target-Presidents per state": 3,
  "target-Presidents": "James K. Polk*",
  "target-#th President": 11
 },
 {
  "source-OB": 10,
  "source-Name": "Zachary Taylor",
  "source-OP": 12,
  "source-Birthplace": "Barboursville",
  "source-State of Birth": "Virginia",
  "source-AP": 64,
  "target-State": "Louisiana",
  "target-Presidents per state": 1,
  "target-Presidents": "Zachary Taylor*",
  "target-#th President": 12
 },
 {
  "source-OB": 14,
  "source-Name": "Millard Fillmore",
  "source-OP": 13,
  "source-Birthplace": "Moravia",
  "source-State of Birth": "New York",
  "source-AP": 50,
  "target-State": "New York",
  "target-Presidents per state": 6,
  "target-Presidents": "Millard Fillmore*",
  "target-#th President": 13
 },
 {
  "source-OB": 15,
  "source-Name": "Franklin Pierce",
  "source-OP": 14,
  "source-Birthplace": "Hillsborough",
  "source-State of Birth": "New Hampshire",
  "source-AP": 48,
  "target-State": "New Hampshire",
  "target-Presidents per state": 1,
  "target-Presidents": "Franklin Pierce*",
  "target-#th President": 14
 },
 {
  "source-OB": 12,
  "source-Name": "James Buchanan",
  "source-Birth Name": "James Buchanan Jr",
  "source-OP": 15,
  "source-Birthplace": "Cove Gap",
  "source-State of Birth": "Pennsylvania",
  "source-AP": 65,
  "target-State": "Pennsylvania",
  "target-Presidents per state": 1,
  "target-Presidents": "James Buchanan*",
  "target-#th President": 15
 },
 {
  "source-OB": 17,
  "source-Name": "Abraham Lincoln",
  "source-OP": 16,
  "source-Birthplace": "Hardin County",
  "source-State of Birth": "Kentucky",
  "source-AP": 52,
  "target-State": "Illinois",
  "target-Presidents per state": 3,
  "target-Presidents": "Abraham Lincoln*",
  "target-#th President": 16
 },
 {
  "source-OB": 16,
  "source-Name": "Andrew Johnson",
  "source-OP": 17,
  "source-Birthplace": "Raleigh",
  "source-State of Birth": "North Carolina",
  "source-AP": 56,
  "target-State": "Tennessee",
  "target-Presidents per state": 3,
  "target-Presidents": "Andrew Johnson*",
  "target-#th President": 17
 },
 {
  "source-OB": 18,
  "source-Name": "Ulysses S. Grant",
  "source-Birth Name": "Hiram Ulysses Grant",
  "source-OP": 18,
  "source-Birthplace": "Point Pleasant",
  "source-State of Birth": "Ohio",
  "source-AP": 46,
  "target-State": "Illinois",
  "target-Presidents per state": 3,
  "target-Presidents": "Ulysses S. Grant*",
  "target-#th President": 18
 },
 {
  "source-OB": 19,
  "source-Name": "Rutherford B. Hayes",
  "source-Birth Name": "Rutherford Birchard Hayes",
  "source-OP": 19,
  "source-Birthplace": "Delaware",
  "source-State of Birth": "Ohio",
  "source-AP": 54,
  "target-State": "Ohio",
  "target-Presidents per state": 6,
  "target-Presidents": "Rutherford B. Hayes*",
  "target-#th President": 19
 },
 {
  "source-OB": 21,
  "source-Name": "James A. Garfield",
  "source-Birth Name": "James Abram Garfield",
  "source-OP": 20,
  "source-Birthplace": "Moreland Hills",
  "source-State of Birth": "Ohio",
  "source-AP": 49,
  "target-State": "Ohio",
  "target-Presidents per state": 6,
  "target-Presidents": "James A. Garfield*",
  "target-#th President": 20
 },
 {
  "source-OB": 20,
  "source-Name": "Chester A. Arthur",
  "source-Birth Name": "Chester Alan Arthur",
  "source-OP": 21,
  "source-Birthplace": "Fairfield",
  "source-State of Birth": "Vermont",
  "source-AP": 51,
  "target-State": "New York",
  "target-Presidents per state": 6,
  "target-Presidents": "Chester A. Arthur*",
  "target-#th President": 21
 },
 {
  "source-OB": 23,
  "source-Name": "Grover Cleveland",
  "source-Birth Name": "Stephen Grover Cleveland",
  "source-OP": 22,
  "source-Birthplace": "Caldwell",
  "source-State of Birth": "New Jersey",
  "source-AP": 47,
  "target-State": "New York",
  "target-Presidents per state": 6,
  "target-Presidents": "Grover Cleveland*",
  "target-#th President": 22
 },
 {
  "source-OB": 22,
  "source-Name": "Benjamin Harrison",
  "source-OP": 23,
  "source-Birthplace": "North Bend",
  "source-State of Birth": "Ohio",
  "source-AP": 55,
  "target-State": "Indiana",
  "target-Presidents per state": 1,
  "target-Presidents": "Benjamin Harrison*",
  "target-#th President": 23
 },
 {
  "source-OB": 23,
  "source-Name": "Grover Cleveland",
  "source-Birth Name": "Stephen Grover Cleveland",
  "source-OP": 24,
  "source-Birthplace": "Caldwell",
  "source-State of Birth": "New Jersey",
  "source-AP": 55,
  "target-State": "New York",
  "target-Presidents per state": 6,
  "target-Presidents": "Grover Cleveland*",
  "target-#th President": 24
 },
 {
  "source-OB": 24,
  "source-Name": "William McKinley",
  "source-Birth Name": "William McKinley Jr",
  "source-OP": 25,
  "source-Birthplace": "Niles",
  "source-State of Birth": "Ohio",
  "source-AP": 54,
  "target-State": "Ohio",
  "target-Presidents per state": 6,
  "target-Presidents": "William McKinley*",
  "target-#th President": 25
 },
 {
  "source-OB": 27,
  "source-Name": "Theodore Roosevelt",
  "source-Birth Name": "Theodore Roosevelt Jr",
  "source-OP": 26,
  "source-Birthplace": "New York City",
  "source-State of Birth": "New York",
  "source-AP": 42,
  "target-State": "New York",
  "target-Presidents per state": 6,
  "target-Presidents": "Theodore Roosevelt*",
  "target-#th President": 26
 },
 {
  "source-OB": 26,
  "source-Name": "William Howard Taft",
  "source-OP": 27,
  "source-Birthplace": "Cincinnati",
  "source-State of Birth": "Ohio",
  "source-AP": 51,
  "target-State": "Ohio",
  "target-Presidents per state": 6,
  "target-Presidents": "William Howard Taft*",
  "target-#th President": 27
 },
 {
  "source-OB": 25,
  "source-Name": "Woodrow Wilson",
  "source-Birth Name": "Thomas Woodrow Wilson",
  "source-OP": 28,
  "source-Birthplace": "Staunton",
  "source-State of Birth": "Virginia",
  "source-AP": 56,
  "target-State": "New Jersey",
  "target-Presidents per state": 1,
  "target-Presidents": "Woodrow Wilson*",
  "target-#th President": 28
 },
 {
  "source-OB": 28,
  "source-Name": "Warren G. Harding",
  "source-Birth Name": "Warren Gamaliel Harding",
  "source-OP": 29,
  "source-Birthplace": "Blooming Grove",
  "source-State of Birth": "Ohio",
  "source-AP": 55,
  "target-State": "Ohio",
  "target-Presidents per state": 6,
  "target-Presidents": "Warren G. Harding*",
  "target-#th President": 29
 },
 {
  "source-OB": 29,
  "source-Name": "Calvin Coolidge",
  "source-Birth Name": "John Calvin Coolidge Jr",
  "source-OP": 30,
  "source-Birthplace": "Plymouth",
  "source-State of Birth": "Vermont",
  "source-AP": 51,
  "target-State": "Massachusetts",
  "target-Presidents per state": 4,
  "target-Presidents": "Calvin Coolidge*",
  "target-#th President": 30
 },
 {
  "source-OB": 30,
  "source-Name": "Herbert Hoover",
  "source-Birth Name": "Herbert Clark Hoover",
  "source-OP": 31,
  "source-Birthplace": "West Branch",
  "source-State of Birth": "Iowa",
  "source-AP": 54,
  "target-State": "California",
  "target-Presidents per state": 3,
  "target-Presidents": "Herbert Hoover*",
  "target-#th President": 31
 },
 {
  "source-OB": 31,
  "source-Name": "Franklin D. Roosevelt",
  "source-Birth Name": "Franklin Delano Roosevelt",
  "source-OP": 32,
  "source-Birthplace": "Hyde Park",
  "source-State of Birth": "New York",
  "source-AP": 51,
  "target-State": "New York",
  "target-Presidents per state": 6,
  "target-Presidents": "Franklin D. Roosevelt*",
  "target-#th President": 32
 },
 {
  "source-OB": 32,
  "source-Name": "Harry S. Truman",
  "source-OP": 33,
  "source-Birthplace": "Lamar",
  "source-State of Birth": "Missouri",
  "source-AP": 60,
  "target-State": "Missouri",
  "target-Presidents per state": 1,
  "target-Presidents": "Harry S. Truman*",
  "target-#th President": 33
 },
 {
  "source-OB": 33,
  "source-Name": "Dwight D. Eisenhower",
  "source-Birth Name": "David Dwight Eisenhower",
  "source-OP": 34,
  "source-Birthplace": "Denison",
  "source-State of Birth": "Texas",
  "source-AP": 62,
  "target-State": "Kansas",
  "target-Presidents per state": 1,
  "target-Presidents": "Dwight D. Eisenhower*",
  "target-#th President": 34
 },
 {
  "source-OB": 38,
  "source-Name": "John F. Kennedy",
  "source-Birth Name": "John Fitzgerald Kennedy",
  "source-OP": 35,
  "source-Birthplace": "Brookline",
  "source-State of Birth": "Massachusetts",
  "source-AP": 43,
  "target-State": "Massachusetts",
  "target-Presidents per state": 4,
  "target-Presidents": "John F. Kennedy*",
  "target-#th President": 35
 },
 {
  "source-OB": 34,
  "source-Name": "Lyndon B. Johnson",
  "source-Birth Name": "Lyndon Baines Johnson",
  "source-OP": 36,
  "source-Birthplace": "Stonewall",
  "source-State of Birth": "Texas",
  "source-AP": 55,
  "target-State": "Texas",
  "target-Presidents per state": 3,
  "target-Presidents": "Lyndon B. Johnson*",
  "target-#th President": 36
 },
 {
  "source-OB": 36,
  "source-Name": "Richard M. Nixon",
  "source-Birth Name": "Richard Milhous Nixon",
  "source-OP": 37,
  "source-Birthplace": "Yorba Linda",
  "source-State of Birth": "California",
  "source-AP": 56,
  "target-State": "California",
  "target-Presidents per state": 3,
  "target-Presidents": "Richard Nixon*",
  "target-#th President": 37
 },
 {
  "source-OB": 37,
  "source-Name": "Gerald R. Ford",
  "source-Birth Name": "Leslie Lynch King Jr",
  "source-OP": 38,
  "source-Birthplace": "Omaha",
  "source-State of Birth": "Nebraska",
  "source-AP": 61,
  "target-State": "Michigan",
  "target-Presidents per state": 1,
  "target-Presidents": "Gerald Ford*",
  "target-#th President": 38
 },
 {
  "source-OB": 40,
  "source-Name": "Jimmy Carter",
  "source-Birth Name": "James Earl Carter Jr",
  "source-OP": 39,
  "source-Birthplace": "Plains",
  "source-State of Birth": "Georgia",
  "source-AP": 52,
  "target-State": "Georgia",
  "target-Presidents per state": 1,
  "target-Presidents": "Jimmy Carter*",
  "target-#th President": 39
 },
 {
  "source-OB": 35,
  "source-Name": "Ronald Reagan",
  "source-Birth Name": "Ronald Wilson Reagan",
  "source-OP": 40,
  "source-Birthplace": "Tampico",
  "source-State of Birth": "Illinois",
  "source-AP": 69,
  "target-State": "California",
  "target-Presidents per state": 3,
  "target-Presidents": "Ronald Reagan*",
  "target-#th President": 40
 },
 {
  "source-OB": 39,
  "source-Name": "George H. W. Bush",
  "source-Birth Name": "George Herbert Walker Bush",
  "source-OP": 41,
  "source-Birthplace": "Milton",
  "source-State of Birth": "Massachusetts",
  "source-AP": 64,
  "target-State": "Texas",
  "target-Presidents per state": 3,
  "target-Presidents": "George H. W. Bush*",
  "target-#th President": 41
 },
 {
  "source-OB": 42,
  "source-Name": "Bill Clinton",
  "source-Birth Name": "William Jefferson Blythe III",
  "source-OP": 42,
  "source-Birthplace": "Hope",
  "source-State of Birth": "Arkansas",
  "source-AP": 46,
  "target-State": "Arkansas",
  "target-Presidents per state": 1,
  "target-Presidents": "Bill Clinton*",
  "target-#th President": 42
 },
 {
  "source-OB": 41,
  "source-Name": "George W. Bush",
  "source-Birth Name": "George Walker Bush",
  "source-OP": 43,
  "source-Birthplace": "New Haven",
  "source-State of Birth": "Connecticut",
  "source-AP": 54,
  "target-State": "Texas",
  "target-Presidents per state": 3,
  "target-Presidents": "George W. Bush*",
  "target-#th President": 43
 },
 {
  "source-OB": 43,
  "source-Name": "Barack Obama",
  "source-Birth Name": "Barack Hussein Obama II",
  "source-OP": 44,
  "source-Birthplace": "Honolulu",
  "source-State of Birth": "Hawaii",
  "source-AP": 47,
  "target-State": "Illinois",
  "target-Presidents per state": 3,
  "target-Presidents": "Barack Obama*",
  "target-#th President": 44
 }
]