[
 {
  "source-№": 1,
  "source-President": "George Washington; February 22 1732 – December 14 1799; (aged 67);",
  "source-State": "Virginia",
  "source-Term of office": "April 30 1789; –; March 4 1797",
  "source-Party": "Non-partisan;",
  "source-Term;": "1; (1789)",
  "source-Previous office": "Commander-in-Chief; of the; Continental Army; (1775–1783)",
  "target-OB": 1,
  "target-Name": "George Washington",
  "target-OP": 1,
  "target-Birthplace": "Pope&#39;s Creek",
  "target-State of Birth": "Virginia",
  "target-AP": 57
 },
 {
  "source-№": 1,
  "source-President": "George Washington; February 22 1732 – December 14 1799; (aged 67);",
  "source-State": "Virginia",
  "source-Term of office": "April 30 1789; –; March 4 1797",
  "source-Party": "Non-partisan;",
  "source-Term;": "2; (1792)",
  "source-Previous office": "Commander-in-Chief; of the; Continental Army; (1775–1783)",
  "target-OB": 1,
  "target-Name": "George Washington",
  "target-OP": 1,
  "target-Birthplace": "Pope&#39;s Creek",
  "target-State of Birth": "Virginia",
  "target-AP": 57
 },
 {
  "source-№": 2,
  "source-President": "John Adams; October 30 1735 – July 4 1826; (aged 90);",
  "source-State": "Massachusetts",
  "source-Term of office": "March 4 1797; –; March 4 1801;",
  "source-Party": "Federalist",
  "source-Term;": "3; (1796)",
  "source-Previous office": "1st; Vice President of the United States",
  "target-OB": 2,
  "target-Name": "John Adams",
  "target-Birth Name": "John Adams Jr",
  "target-OP": 2,
  "target-Birthplace": "Braintree",
  "target-State of Birth": "Massachusetts",
  "target-AP": 61
 },
 {
  "source-№": 3,
  "source-President": "Thomas Jefferson; April 13 1743 – July 4 1826; (aged 83);",
  "source-State": "Virginia",
  "source-Term of office": "March 4 1801; –; March 4 1809",
  "source-Party": "Democratic-; Republican",
  "source-Term;": "4; (1800)",
  "source-Previous office": "2nd; Vice President of the United States",
  "target-OB": 3,
  "target-Name": "Thomas Jefferson",
  "target-OP": 3,
  "target-Birthplace": "Goochland County",
  "target-State of Birth": "Virginia",
  "target-AP": 57
 },
 {
  "source-№": 3,
  "source-President": "Thomas Jefferson; April 13 1743 – July 4 1826; (aged 83);",
  "source-State": "Virginia",
  "source-Term of office": "March 4 1801; –; March 4 1809",
  "source-Party": "Democratic-; Republican",
  "source-Term;": "5; (1804)",
  "source-Previous office": "2nd; Vice President of the United States",
  "target-OB": 3,
  "target-Name": "Thomas Jefferson",
  "target-OP": 3,
  "target-Birthplace": "Goochland County",
  "target-State of Birth": "Virginia",
  "target-AP": 57
 },
 {
  "source-№": 4,
  "source-President": "James Madison; March 16 1751 – June 28 1836; (aged 85);",
  "source-State": "Virginia",
  "source-Term of office": "March 4 1809; –; March 4 1817",
  "source-Party": "Democratic-; Republican",
  "source-Term;": "6; (1808)",
  "source-Previous office": "5th; United States Secretary of State; (1801–1809)",
  "target-OB": 4,
  "target-Name": "James Madison",
  "target-Birth Name": "James Madison Jr",
  "target-OP": 4,
  "target-Birthplace": "Port Conway",
  "target-State of Birth": "Virginia",
  "target-AP": 57
 },
 {
  "source-№": 4,
  "source-President": "James Madison; March 16 1751 – June 28 1836; (aged 85);",
  "source-State": "Virginia",
  "source-Term of office": "March 4 1809; –; March 4 1817",
  "source-Party": "Democratic-; Republican",
  "source-Term;": "7; (1812)",
  "source-Previous office": "5th; United States Secretary of State; (1801–1809)",
  "target-OB": 4,
  "target-Name": "James Madison",
  "target-Birth Name": "James Madison Jr",
  "target-OP": 4,
  "target-Birthplace": "Port Conway",
  "target-State of Birth": "Virginia",
  "target-AP": 57
 },
 {
  "source-№": 5,
  "source-President": "James Monroe; April 28 1758 – July 4 1831; (aged 73);",
  "source-State": "Virginia",
  "source-Term of office": "March 4 1817; –; March 4 1825",
  "source-Party": "Democratic-; Republican",
  "source-Term;": "8; (1816)",
  "source-Previous office": "7th; United States Secretary of State; (1811–1817)",
  "target-OB": 5,
  "target-Name": "James Monroe",
  "target-OP": 5,
  "target-Birthplace": "Monroe Hall",
  "target-State of Birth": "Virginia",
  "target-AP": 58
 },
 {
  "source-№": 5,
  "source-President": "James Monroe; April 28 1758 – July 4 1831; (aged 73);",
  "source-State": "Virginia",
  "source-Term of office": "March 4 1817; –; March 4 1825",
  "source-Party": "Democratic-; Republican",
  "source-Term;": "9; (1820)",
  "source-Previous office": "7th; United States Secretary of State; (1811–1817)",
  "target-OB": 5,
  "target-Name": "James Monroe",
  "target-OP": 5,
  "target-Birthplace": "Monroe Hall",
  "target-State of Birth": "Virginia",
  "target-AP": 58
 },
 {
  "source-№": 6,
  "source-President": "John Quincy Adams; July 11 1767 – February 23 1848; (aged 80);",
  "source-State": "Massachusetts",
  "source-Term of office": "March 4 1825; –; March 4 1829;",
  "source-Party": "Democratic-; Republican",
  "source-Term;": "10; (1824)",
  "source-Previous office": "8th; United States Secretary of State; (1817–1825)",
  "target-OB": 7,
  "target-Name": "John Quincy Adams",
  "target-OP": 6,
  "target-Birthplace": "Braintree",
  "target-State of Birth": "Massachusetts",
  "target-AP": 57
 },
 {
  "source-№": 7,
  "source-President": "Andrew Jackson; March 15 1767 – June 8 1845; (aged 78);",
  "source-State": "Tennessee",
  "source-Term of office": "March 4 1829; –; March 4 1837",
  "source-Party": "Democratic",
  "source-Term;": "11; (1828)",
  "source-Previous office": "U.S. Senator from Tennessee; (1823–1825)",
  "target-OB": 6,
  "target-Name": "Andrew Jackson",
  "target-OP": 7,
  "target-Birthplace": "Waxhaws Region",
  "target-State of Birth": "South\/North Carolina",
  "target-AP": 61
 },
 {
  "source-№": 7,
  "source-President": "Andrew Jackson; March 15 1767 – June 8 1845; (aged 78);",
  "source-State": "Tennessee",
  "source-Term of office": "March 4 1829; –; March 4 1837",
  "source-Party": "Democratic",
  "source-Term;": "12; (1832)",
  "source-Previous office": "U.S. Senator from Tennessee; (1823–1825)",
  "target-OB": 6,
  "target-Name": "Andrew Jackson",
  "target-OP": 7,
  "target-Birthplace": "Waxhaws Region",
  "target-State of Birth": "South\/North Carolina",
  "target-AP": 61
 },
 {
  "source-№": 8,
  "source-President": "Martin Van Buren; December 5 1782 – July 24 1862; (aged 79);",
  "source-State": "New York",
  "source-Term of office": "March 4 1837; –; March 4 1841;",
  "source-Party": "Democratic",
  "source-Term;": "13; (1836)",
  "source-Previous office": "8th; Vice President of the United States",
  "target-OB": 9,
  "target-Name": "Martin Van Buren",
  "target-OP": 8,
  "target-Birthplace": "Kinderhook",
  "target-State of Birth": "New York",
  "target-AP": 54
 },
 {
  "source-№": 9,
  "source-President": "William Henry Harrison; February 9 1773 – April 4 1841; (aged 68);",
  "source-State": "Ohio",
  "source-Term of office": "March 4 1841; –; April 4 1841;",
  "source-Party": "Whig",
  "source-Term;": "14; (1840)",
  "source-Previous office": "United States Minister to Colombia; (1828–1829)",
  "target-OB": 8,
  "target-Name": "William Henry Harrison",
  "target-OP": 9,
  "target-Birthplace": "Charles City County",
  "target-State of Birth": "Virginia",
  "target-AP": 68
 },
 {
  "source-№": 10,
  "source-President": "John Tyler; March 29 1790 – January 18 1862; (aged 71);",
  "source-State": "Virginia",
  "source-Term of office": "April 4 1841; –; March 4 1845",
  "source-Party": "Whig; April 4 1841 – September 13 1841",
  "source-Term;": "14; (1840)",
  "source-Previous office": "10th; Vice President of the United States;",
  "target-OB": 11,
  "target-Name": "John Tyler",
  "target-Birth Name": "John Tyler Jr",
  "target-OP": 10,
  "target-Birthplace": "Charles City County",
  "target-State of Birth": "Virginia",
  "target-AP": 51
 },
 {
  "source-№": 10,
  "source-President": "John Tyler; March 29 1790 – January 18 1862; (aged 71);",
  "source-State": "Virginia",
  "source-Term of office": "April 4 1841; –; March 4 1845",
  "source-Party": "Independent; September 13 1841 – March 4 1845;",
  "source-Term;": "14; (1840)",
  "source-Previous office": "10th; Vice President of the United States;",
  "target-OB": 11,
  "target-Name": "John Tyler",
  "target-Birth Name": "John Tyler Jr",
  "target-OP": 10,
  "target-Birthplace": "Charles City County",
  "target-State of Birth": "Virginia",
  "target-AP": 51
 },
 {
  "source-№": 11,
  "source-President": "James K. Polk; November 2 1795 – June 15 1849; (aged 53);",
  "source-State": "Tennessee",
  "source-Term of office": "March 4 1845; –; March 4 1849",
  "source-Party": "Democratic",
  "source-Term;": "15; (1844)",
  "source-Previous office": "9th; Governor of Tennessee; (1839–1841)",
  "target-OB": 13,
  "target-Name": "James K. Polk",
  "target-Birth Name": "James Knox Polk",
  "target-OP": 11,
  "target-Birthplace": "Pineville",
  "target-State of Birth": "North Carolina",
  "target-AP": 49
 },
 {
  "source-№": 12,
  "source-President": "Zachary Taylor; November 24 1784 – July 9 1850; (aged 65);",
  "source-State": "Louisiana",
  "source-Term of office": "March 4 1849; –; July 9 1850;",
  "source-Party": "Whig",
  "source-Term;": "16; (1848)",
  "source-Previous office": "Major General of the 1st Infantry Regiment; United States Army; (1846–1849)",
  "target-OB": 10,
  "target-Name": "Zachary Taylor",
  "target-OP": 12,
  "target-Birthplace": "Barboursville",
  "target-State of Birth": "Virginia",
  "target-AP": 64
 },
 {
  "source-№": 13,
  "source-President": "Millard Fillmore; January 7 1800 – March 8 1874; (aged 74);",
  "source-State": "New York",
  "source-Term of office": "July 9 1850; –; March 4 1853;",
  "source-Party": "Whig",
  "source-Term;": "16; (1848)",
  "source-Previous office": "12th; Vice President of the United States",
  "target-OB": 14,
  "target-Name": "Millard Fillmore",
  "target-OP": 13,
  "target-Birthplace": "Moravia",
  "target-State of Birth": "New York",
  "target-AP": 50
 },
 {
  "source-№": 14,
  "source-President": "Franklin Pierce; November 23 1804 – October 8 1869; (aged 64);",
  "source-State": "New Hampshire",
  "source-Term of office": "March 4 1853; –; March 4 1857",
  "source-Party": "Democratic",
  "source-Term;": "17; (1852)",
  "source-Previous office": "Brigadier General of the 9th Infantry; United States Army; (1847–1848)",
  "target-OB": 15,
  "target-Name": "Franklin Pierce",
  "target-OP": 14,
  "target-Birthplace": "Hillsborough",
  "target-State of Birth": "New Hampshire",
  "target-AP": 48
 },
 {
  "source-№": 15,
  "source-President": "James Buchanan; April 23 1791 – June 1 1868; (aged 77);",
  "source-State": "Pennsylvania",
  "source-Term of office": "March 4 1857; –; March 4 1861",
  "source-Party": "Democratic",
  "source-Term;": "18; (1856)",
  "source-Previous office": "United States Minister to the; Court of St James&#39;s; (1853–1856)",
  "target-OB": 12,
  "target-Name": "James Buchanan",
  "target-Birth Name": "James Buchanan Jr",
  "target-OP": 15,
  "target-Birthplace": "Cove Gap",
  "target-State of Birth": "Pennsylvania",
  "target-AP": 65
 },
 {
  "source-№": 16,
  "source-President": "Abraham Lincoln; February 12 1809 – April 15 1865; (aged 56);",
  "source-State": "Illinois",
  "source-Term of office": "March 4 1861; –; April 15 1865;",
  "source-Party": "Republican",
  "source-Term;": "19; (1860)",
  "source-Previous office": "U.S. Representative for Illinois&#39; 7th; (1847–1849)",
  "target-OB": 17,
  "target-Name": "Abraham Lincoln",
  "target-OP": 16,
  "target-Birthplace": "Hardin County",
  "target-State of Birth": "Kentucky",
  "target-AP": 52
 },
 {
  "source-№": 16,
  "source-President": "Abraham Lincoln; February 12 1809 – April 15 1865; (aged 56);",
  "source-State": "Illinois",
  "source-Term of office": "March 4 1861; –; April 15 1865;",
  "source-Party": "Republican; National Union;",
  "source-Term;": "20; (1864)",
  "source-Previous office": "U.S. Representative for Illinois&#39; 7th; (1847–1849)",
  "target-OB": 17,
  "target-Name": "Abraham Lincoln",
  "target-OP": 16,
  "target-Birthplace": "Hardin County",
  "target-State of Birth": "Kentucky",
  "target-AP": 52
 },
 {
  "source-№": 17,
  "source-President": "Andrew Johnson; December 29 1808 – July 31 1875; (aged 66);",
  "source-State": "Tennessee",
  "source-Term of office": "April 15 1865; –; March 4 1869",
  "source-Party": "Democratic; National Union; Not Affiliated;",
  "source-Term;": "20; (1864)",
  "source-Previous office": "16th; Vice President of the United States",
  "target-OB": 16,
  "target-Name": "Andrew Johnson",
  "target-OP": 17,
  "target-Birthplace": "Raleigh",
  "target-State of Birth": "North Carolina",
  "target-AP": 56
 },
 {
  "source-№": 18,
  "source-President": "Ulysses S. Grant; April 27 1822 – July 23 1885; (aged 63);",
  "source-State": "Ohio",
  "source-Term of office": "March 4 1869; –; March 4 1877",
  "source-Party": "Republican",
  "source-Term;": "21; (1868)",
  "source-Previous office": "Commanding General of the U.S. Army; (1864–1869)",
  "target-OB": 18,
  "target-Name": "Ulysses S. Grant",
  "target-Birth Name": "Hiram Ulysses Grant",
  "target-OP": 18,
  "target-Birthplace": "Point Pleasant",
  "target-State of Birth": "Ohio",
  "target-AP": 46
 },
 {
  "source-№": 18,
  "source-President": "Ulysses S. Grant; April 27 1822 – July 23 1885; (aged 63);",
  "source-State": "Ohio",
  "source-Term of office": "March 4 1869; –; March 4 1877",
  "source-Party": "Republican",
  "source-Term;": "22; (1872)",
  "source-Previous office": "Commanding General of the U.S. Army; (1864–1869)",
  "target-OB": 18,
  "target-Name": "Ulysses S. Grant",
  "target-Birth Name": "Hiram Ulysses Grant",
  "target-OP": 18,
  "target-Birthplace": "Point Pleasant",
  "target-State of Birth": "Ohio",
  "target-AP": 46
 },
 {
  "source-№": 19,
  "source-President": "Rutherford B. Hayes; October 4 1822 – January 17 1893; (aged 70);",
  "source-State": "Ohio",
  "source-Term of office": "March 4 1877; –; March 4 1881",
  "source-Party": "Republican",
  "source-Term;": "23; (1876)",
  "source-Previous office": "32nd; Governor of Ohio; (1868–1872 1876–1877)",
  "target-OB": 19,
  "target-Name": "Rutherford B. Hayes",
  "target-Birth Name": "Rutherford Birchard Hayes",
  "target-OP": 19,
  "target-Birthplace": "Delaware",
  "target-State of Birth": "Ohio",
  "target-AP": 54
 },
 {
  "source-№": 20,
  "source-President": "James A. Garfield; November 19 1831 – September 19 1881; (aged 49);",
  "source-State": "Ohio",
  "source-Term of office": "March 4 1881; –; September 19 1881;",
  "source-Party": "Republican",
  "source-Term;": "24; (1880)",
  "source-Previous office": "U.S. Representative for Ohio&#39;s 19th; (1863–1881)",
  "target-OB": 21,
  "target-Name": "James A. Garfield",
  "target-Birth Name": "James Abram Garfield",
  "target-OP": 20,
  "target-Birthplace": "Moreland Hills",
  "target-State of Birth": "Ohio",
  "target-AP": 49
 },
 {
  "source-№": 21,
  "source-President": "Chester A. Arthur; October 5 1829 – November 18 1886; (aged 57);",
  "source-State": "New York",
  "source-Term of office": "September 19 1881; –; March 4 1885",
  "source-Party": "Republican",
  "source-Term;": "24; (1880)",
  "source-Previous office": "20th; Vice President of the United States",
  "target-OB": 20,
  "target-Name": "Chester A. Arthur",
  "target-Birth Name": "Chester Alan Arthur",
  "target-OP": 21,
  "target-Birthplace": "Fairfield",
  "target-State of Birth": "Vermont",
  "target-AP": 51
 },
 {
  "source-№": 22,
  "source-President": "Grover Cleveland; March 18 1837 – June 24 1908; (aged 71);",
  "source-State": "New York",
  "source-Term of office": "March 4 1885; –; March 4 1889;",
  "source-Party": "Democratic",
  "source-Term;": "25; (1884)",
  "source-Previous office": "28th; Governor of New York; (1883–1885)",
  "target-OB": 23,
  "target-Name": "Grover Cleveland",
  "target-Birth Name": "Stephen Grover Cleveland",
  "target-OP": 22,
  "target-Birthplace": "Caldwell",
  "target-State of Birth": "New Jersey",
  "target-AP": 47
 },
 {
  "source-№": 23,
  "source-President": "Benjamin Harrison; August 20 1833 – March 13 1901; (aged 67);",
  "source-State": "Indiana",
  "source-Term of office": "March 4 1889; –; March 4 1893;",
  "source-Party": "Republican",
  "source-Term;": "26; (1888)",
  "source-Previous office": "U.S. Senator from Indiana; (1881–1887)",
  "target-OB": 22,
  "target-Name": "Benjamin Harrison",
  "target-OP": 23,
  "target-Birthplace": "North Bend",
  "target-State of Birth": "Ohio",
  "target-AP": 55
 },
 {
  "source-№": 24,
  "source-President": "Grover Cleveland; March 18 1837 – June 24 1908; (aged 71);",
  "source-State": "New York",
  "source-Term of office": "March 4 1893; –; March 4 1897",
  "source-Party": "Democratic",
  "source-Term;": "27; (1892)",
  "source-Previous office": "22nd; President of the United States; (1885–1889)",
  "target-OB": 23,
  "target-Name": "Grover Cleveland",
  "target-Birth Name": "Stephen Grover Cleveland",
  "target-OP": 24,
  "target-Birthplace": "Caldwell",
  "target-State of Birth": "New Jersey",
  "target-AP": 55
 },
 {
  "source-№": 25,
  "source-President": "William McKinley; January 29 1843 – September 14 1901; (aged 58);",
  "source-State": "Ohio",
  "source-Term of office": "March 4 1897; –; September 14 1901;",
  "source-Party": "Republican",
  "source-Term;": "28; (1896)",
  "source-Previous office": "39th; Governor of Ohio; (1892–1896)",
  "target-OB": 24,
  "target-Name": "William McKinley",
  "target-Birth Name": "William McKinley Jr",
  "target-OP": 25,
  "target-Birthplace": "Niles",
  "target-State of Birth": "Ohio",
  "target-AP": 54
 },
 {
  "source-№": 25,
  "source-President": "William McKinley; January 29 1843 – September 14 1901; (aged 58);",
  "source-State": "Ohio",
  "source-Term of office": "March 4 1897; –; September 14 1901;",
  "source-Party": "Republican",
  "source-Term;": "29; (1900)",
  "source-Previous office": "39th; Governor of Ohio; (1892–1896)",
  "target-OB": 24,
  "target-Name": "William McKinley",
  "target-Birth Name": "William McKinley Jr",
  "target-OP": 25,
  "target-Birthplace": "Niles",
  "target-State of Birth": "Ohio",
  "target-AP": 54
 },
 {
  "source-№": 26,
  "source-President": "Theodore Roosevelt; October 27 1858 – January 6 1919; (aged 60);",
  "source-State": "New York",
  "source-Term of office": "September 14 1901; –; March 4 1909;",
  "source-Party": "Republican",
  "source-Term;": "29; (1900)",
  "source-Previous office": "25th; Vice President of the United States",
  "target-OB": 27,
  "target-Name": "Theodore Roosevelt",
  "target-Birth Name": "Theodore Roosevelt Jr",
  "target-OP": 26,
  "target-Birthplace": "New York City",
  "target-State of Birth": "New York",
  "target-AP": 42
 },
 {
  "source-№": 26,
  "source-President": "Theodore Roosevelt; October 27 1858 – January 6 1919; (aged 60);",
  "source-State": "New York",
  "source-Term of office": "September 14 1901; –; March 4 1909;",
  "source-Party": "Republican",
  "source-Term;": "30; (1904)",
  "source-Previous office": "25th; Vice President of the United States",
  "target-OB": 27,
  "target-Name": "Theodore Roosevelt",
  "target-Birth Name": "Theodore Roosevelt Jr",
  "target-OP": 26,
  "target-Birthplace": "New York City",
  "target-State of Birth": "New York",
  "target-AP": 42
 },
 {
  "source-№": 27,
  "source-President": "William Howard Taft; September 15 1857 – March 8 1930; (aged 72);",
  "source-State": "Ohio",
  "source-Term of office": "March 4 1909; –; March 4 1913;",
  "source-Party": "Republican",
  "source-Term;": "31; (1908)",
  "source-Previous office": "42nd; United States Secretary of War; (1904–1908)",
  "target-OB": 26,
  "target-Name": "William Howard Taft",
  "target-OP": 27,
  "target-Birthplace": "Cincinnati",
  "target-State of Birth": "Ohio",
  "target-AP": 51
 },
 {
  "source-№": 28,
  "source-President": "Woodrow Wilson; December 28 1856 – February 3 1924; (aged 67);",
  "source-State": "New Jersey",
  "source-Term of office": "March 4 1913; –; March 4 1921",
  "source-Party": "Democratic",
  "source-Term;": "32; (1912)",
  "source-Previous office": "34th; Governor of New Jersey; (1911–1913)",
  "target-OB": 25,
  "target-Name": "Woodrow Wilson",
  "target-Birth Name": "Thomas Woodrow Wilson",
  "target-OP": 28,
  "target-Birthplace": "Staunton",
  "target-State of Birth": "Virginia",
  "target-AP": 56
 },
 {
  "source-№": 28,
  "source-President": "Woodrow Wilson; December 28 1856 – February 3 1924; (aged 67);",
  "source-State": "New Jersey",
  "source-Term of office": "March 4 1913; –; March 4 1921",
  "source-Party": "Democratic",
  "source-Term;": "33; (1916)",
  "source-Previous office": "34th; Governor of New Jersey; (1911–1913)",
  "target-OB": 25,
  "target-Name": "Woodrow Wilson",
  "target-Birth Name": "Thomas Woodrow Wilson",
  "target-OP": 28,
  "target-Birthplace": "Staunton",
  "target-State of Birth": "Virginia",
  "target-AP": 56
 },
 {
  "source-№": 29,
  "source-President": "Warren G. Harding; November 2 1865 – August 2 1923; (aged 57);",
  "source-State": "Ohio",
  "source-Term of office": "March 4 1921; –; August 2 1923;",
  "source-Party": "Republican",
  "source-Term;": "34; (1920)",
  "source-Previous office": "U.S. Senator from Ohio; (1915–1921)",
  "target-OB": 28,
  "target-Name": "Warren G. Harding",
  "target-Birth Name": "Warren Gamaliel Harding",
  "target-OP": 29,
  "target-Birthplace": "Blooming Grove",
  "target-State of Birth": "Ohio",
  "target-AP": 55
 },
 {
  "source-№": 30,
  "source-President": "Calvin Coolidge; July 4 1872 – January 5 1933; (aged 60);",
  "source-State": "Massachusetts",
  "source-Term of office": "August 2 1923; –; March 4 1929",
  "source-Party": "Republican",
  "source-Term;": "34; (1920)",
  "source-Previous office": "29th; Vice President of the United States",
  "target-OB": 29,
  "target-Name": "Calvin Coolidge",
  "target-Birth Name": "John Calvin Coolidge Jr",
  "target-OP": 30,
  "target-Birthplace": "Plymouth",
  "target-State of Birth": "Vermont",
  "target-AP": 51
 },
 {
  "source-№": 30,
  "source-President": "Calvin Coolidge; July 4 1872 – January 5 1933; (aged 60);",
  "source-State": "Massachusetts",
  "source-Term of office": "August 2 1923; –; March 4 1929",
  "source-Party": "Republican",
  "source-Term;": "35; (1924)",
  "source-Previous office": "29th; Vice President of the United States",
  "target-OB": 29,
  "target-Name": "Calvin Coolidge",
  "target-Birth Name": "John Calvin Coolidge Jr",
  "target-OP": 30,
  "target-Birthplace": "Plymouth",
  "target-State of Birth": "Vermont",
  "target-AP": 51
 },
 {
  "source-№": 31,
  "source-President": "Herbert Hoover; August 10 1874 – October 20 1964; (aged 90);",
  "source-State": "Iowa",
  "source-Term of office": "March 4 1929; –; March 4 1933;",
  "source-Party": "Republican",
  "source-Term;": "36; (1928)",
  "source-Previous office": "3rd; United States Secretary of Commerce; (1921–1928)",
  "target-OB": 30,
  "target-Name": "Herbert Hoover",
  "target-Birth Name": "Herbert Clark Hoover",
  "target-OP": 31,
  "target-Birthplace": "West Branch",
  "target-State of Birth": "Iowa",
  "target-AP": 54
 },
 {
  "source-№": 32,
  "source-President": "Franklin D. Roosevelt; January 30 1882 – April 12 1945; (aged 63);",
  "source-State": "New York",
  "source-Term of office": "March 4 1933; –; April 12 1945;",
  "source-Party": "Democratic",
  "source-Term;": "37; (1932);",
  "source-Previous office": "44th; Governor of New York; (1929–1932)",
  "target-OB": 31,
  "target-Name": "Franklin D. Roosevelt",
  "target-Birth Name": "Franklin Delano Roosevelt",
  "target-OP": 32,
  "target-Birthplace": "Hyde Park",
  "target-State of Birth": "New York",
  "target-AP": 51
 },
 {
  "source-№": 32,
  "source-President": "Franklin D. Roosevelt; January 30 1882 – April 12 1945; (aged 63);",
  "source-State": "New York",
  "source-Term of office": "March 4 1933; –; April 12 1945;",
  "source-Party": "Democratic",
  "source-Term;": "38; (1936)",
  "source-Previous office": "44th; Governor of New York; (1929–1932)",
  "target-OB": 31,
  "target-Name": "Franklin D. Roosevelt",
  "target-Birth Name": "Franklin Delano Roosevelt",
  "target-OP": 32,
  "target-Birthplace": "Hyde Park",
  "target-State of Birth": "New York",
  "target-AP": 51
 },
 {
  "source-№": 32,
  "source-President": "Franklin D. Roosevelt; January 30 1882 – April 12 1945; (aged 63);",
  "source-State": "New York",
  "source-Term of office": "March 4 1933; –; April 12 1945;",
  "source-Party": "Democratic",
  "source-Term;": "39; (1940)",
  "source-Previous office": "44th; Governor of New York; (1929–1932)",
  "target-OB": 31,
  "target-Name": "Franklin D. Roosevelt",
  "target-Birth Name": "Franklin Delano Roosevelt",
  "target-OP": 32,
  "target-Birthplace": "Hyde Park",
  "target-State of Birth": "New York",
  "target-AP": 51
 },
 {
  "source-№": 32,
  "source-President": "Franklin D. Roosevelt; January 30 1882 – April 12 1945; (aged 63);",
  "source-State": "New York",
  "source-Term of office": "March 4 1933; –; April 12 1945;",
  "source-Party": "Democratic",
  "source-Term;": "40; (1944)",
  "source-Previous office": "44th; Governor of New York; (1929–1932)",
  "target-OB": 31,
  "target-Name": "Franklin D. Roosevelt",
  "target-Birth Name": "Franklin Delano Roosevelt",
  "target-OP": 32,
  "target-Birthplace": "Hyde Park",
  "target-State of Birth": "New York",
  "target-AP": 51
 },
 {
  "source-№": 33,
  "source-President": "Harry S. Truman; May 8 1884 – December 26 1972; (aged 88);",
  "source-State": "Missouri",
  "source-Term of office": "April 12 1945; –; January 20 1953",
  "source-Party": "Democratic",
  "source-Term;": "40; (1944)",
  "source-Previous office": "34th; Vice President of the United States",
  "target-OB": 32,
  "target-Name": "Harry S. Truman",
  "target-OP": 33,
  "target-Birthplace": "Lamar",
  "target-State of Birth": "Missouri",
  "target-AP": 60
 },
 {
  "source-№": 33,
  "source-President": "Harry S. Truman; May 8 1884 – December 26 1972; (aged 88);",
  "source-State": "Missouri",
  "source-Term of office": "April 12 1945; –; January 20 1953",
  "source-Party": "Democratic",
  "source-Term;": "41; (1948)",
  "source-Previous office": "34th; Vice President of the United States",
  "target-OB": 32,
  "target-Name": "Harry S. Truman",
  "target-OP": 33,
  "target-Birthplace": "Lamar",
  "target-State of Birth": "Missouri",
  "target-AP": 60
 },
 {
  "source-№": 34,
  "source-President": "Dwight D. Eisenhower; October 14 1890 – March 28 1969; (aged 78);",
  "source-State": "Kansas",
  "source-Term of office": "January 20 1953; –; January 20 1961;",
  "source-Party": "Republican",
  "source-Term;": "42; (1952)",
  "source-Previous office": "Supreme Allied Commander Europe; (1949–1952)",
  "target-OB": 33,
  "target-Name": "Dwight D. Eisenhower",
  "target-Birth Name": "David Dwight Eisenhower",
  "target-OP": 34,
  "target-Birthplace": "Denison",
  "target-State of Birth": "Texas",
  "target-AP": 62
 },
 {
  "source-№": 34,
  "source-President": "Dwight D. Eisenhower; October 14 1890 – March 28 1969; (aged 78);",
  "source-State": "Kansas",
  "source-Term of office": "January 20 1953; –; January 20 1961;",
  "source-Party": "Republican",
  "source-Term;": "43; (1956)",
  "source-Previous office": "Supreme Allied Commander Europe; (1949–1952)",
  "target-OB": 33,
  "target-Name": "Dwight D. Eisenhower",
  "target-Birth Name": "David Dwight Eisenhower",
  "target-OP": 34,
  "target-Birthplace": "Denison",
  "target-State of Birth": "Texas",
  "target-AP": 62
 },
 {
  "source-№": 35,
  "source-President": "John F. Kennedy; May 29 1917 – November 22 1963; (aged 46);",
  "source-State": "Massachusetts",
  "source-Term of office": "January 20 1961; –; November 22 1963;",
  "source-Party": "Democratic",
  "source-Term;": "44; (1960)",
  "source-Previous office": "U.S. Senator from Massachusetts; (1953–1960)",
  "target-OB": 38,
  "target-Name": "John F. Kennedy",
  "target-Birth Name": "John Fitzgerald Kennedy",
  "target-OP": 35,
  "target-Birthplace": "Brookline",
  "target-State of Birth": "Massachusetts",
  "target-AP": 43
 },
 {
  "source-№": 36,
  "source-President": "Lyndon B. Johnson; August 27 1908 – January 22 1973; (aged 64);",
  "source-State": "Texas",
  "source-Term of office": "November 22 1963; –; January 20 1969",
  "source-Party": "Democratic",
  "source-Term;": "44; (1960)",
  "source-Previous office": "37th; Vice President of the United States",
  "target-OB": 34,
  "target-Name": "Lyndon B. Johnson",
  "target-Birth Name": "Lyndon Baines Johnson",
  "target-OP": 36,
  "target-Birthplace": "Stonewall",
  "target-State of Birth": "Texas",
  "target-AP": 55
 },
 {
  "source-№": 36,
  "source-President": "Lyndon B. Johnson; August 27 1908 – January 22 1973; (aged 64);",
  "source-State": "Texas",
  "source-Term of office": "November 22 1963; –; January 20 1969",
  "source-Party": "Democratic",
  "source-Term;": "45; (1964)",
  "source-Previous office": "37th; Vice President of the United States",
  "target-OB": 34,
  "target-Name": "Lyndon B. Johnson",
  "target-Birth Name": "Lyndon Baines Johnson",
  "target-OP": 36,
  "target-Birthplace": "Stonewall",
  "target-State of Birth": "Texas",
  "target-AP": 55
 },
 {
  "source-№": 37,
  "source-President": "Richard Nixon; January 9 1913 – April 22 1994; (aged 81);",
  "source-State": "California",
  "source-Term of office": "January 20 1969; –; August 9 1974;",
  "source-Party": "Republican",
  "source-Term;": "46; (1968)",
  "source-Previous office": "36th; Vice President of the United States; (1953–1961)",
  "target-OB": 36,
  "target-Name": "Richard M. Nixon",
  "target-Birth Name": "Richard Milhous Nixon",
  "target-OP": 37,
  "target-Birthplace": "Yorba Linda",
  "target-State of Birth": "California",
  "target-AP": 56
 },
 {
  "source-№": 37,
  "source-President": "Richard Nixon; January 9 1913 – April 22 1994; (aged 81);",
  "source-State": "California",
  "source-Term of office": "January 20 1969; –; August 9 1974;",
  "source-Party": "Republican",
  "source-Term;": "47; (1972)",
  "source-Previous office": "36th; Vice President of the United States; (1953–1961)",
  "target-OB": 36,
  "target-Name": "Richard M. Nixon",
  "target-Birth Name": "Richard Milhous Nixon",
  "target-OP": 37,
  "target-Birthplace": "Yorba Linda",
  "target-State of Birth": "California",
  "target-AP": 56
 },
 {
  "source-№": 38,
  "source-President": "Gerald Ford; July 14 1913 – December 26 2006; (aged 93);",
  "source-State": "Michigan",
  "source-Term of office": "August 9 1974; –; January 20 1977;",
  "source-Party": "Republican",
  "source-Term;": "47; (1972)",
  "source-Previous office": "40th; Vice President of the United States",
  "target-OB": 37,
  "target-Name": "Gerald R. Ford",
  "target-Birth Name": "Leslie Lynch King Jr",
  "target-OP": 38,
  "target-Birthplace": "Omaha",
  "target-State of Birth": "Nebraska",
  "target-AP": 61
 },
 {
  "source-№": 39,
  "source-President": "Jimmy Carter; Born: October 1 1924 (age 91);",
  "source-State": "Georgia",
  "source-Term of office": "January 20 1977; –; January 20 1981;",
  "source-Party": "Democratic",
  "source-Term;": "48; (1976)",
  "source-Previous office": "76th; Governor of Georgia; (1971–1975)",
  "target-OB": 40,
  "target-Name": "Jimmy Carter",
  "target-Birth Name": "James Earl Carter Jr",
  "target-OP": 39,
  "target-Birthplace": "Plains",
  "target-State of Birth": "Georgia",
  "target-AP": 52
 },
 {
  "source-№": 40,
  "source-President": "Ronald Reagan; February 6 1911 – June 5 2004; (aged 93);",
  "source-State": "California",
  "source-Term of office": "January 20 1981; –; January 20 1989",
  "source-Party": "Republican",
  "source-Term;": "49; (1980)",
  "source-Previous office": "33rd; Governor of California; (1967–1975)",
  "target-OB": 35,
  "target-Name": "Ronald Reagan",
  "target-Birth Name": "Ronald Wilson Reagan",
  "target-OP": 40,
  "target-Birthplace": "Tampico",
  "target-State of Birth": "Illinois",
  "target-AP": 69
 },
 {
  "source-№": 40,
  "source-President": "Ronald Reagan; February 6 1911 – June 5 2004; (aged 93);",
  "source-State": "California",
  "source-Term of office": "January 20 1981; –; January 20 1989",
  "source-Party": "Republican",
  "source-Term;": "50; (1984)",
  "source-Previous office": "33rd; Governor of California; (1967–1975)",
  "target-OB": 35,
  "target-Name": "Ronald Reagan",
  "target-Birth Name": "Ronald Wilson Reagan",
  "target-OP": 40,
  "target-Birthplace": "Tampico",
  "target-State of Birth": "Illinois",
  "target-AP": 69
 },
 {
  "source-№": 41,
  "source-President": "George H. W. Bush; Born: June 12 1924 (age 91);",
  "source-State": "Texas",
  "source-Term of office": "January 20 1989; –; January 20 1993;",
  "source-Party": "Republican",
  "source-Term;": "51; (1988)",
  "source-Previous office": "43rd; Vice President of the United States",
  "target-OB": 39,
  "target-Name": "George H. W. Bush",
  "target-Birth Name": "George Herbert Walker Bush",
  "target-OP": 41,
  "target-Birthplace": "Milton",
  "target-State of Birth": "Massachusetts",
  "target-AP": 64
 },
 {
  "source-№": 42,
  "source-President": "Bill Clinton; Born: August 19 1946 (age 69);",
  "source-State": "Arkansas",
  "source-Term of office": "January 20 1993; –; January 20 2001",
  "source-Party": "Democratic",
  "source-Term;": "52; (1992)",
  "source-Previous office": "40th &amp; 42nd; Governor of Arkansas; (1979–1981 1983–1992)",
  "target-OB": 42,
  "target-Name": "Bill Clinton",
  "target-Birth Name": "William Jefferson Blythe III",
  "target-OP": 42,
  "target-Birthplace": "Hope",
  "target-State of Birth": "Arkansas",
  "target-AP": 46
 },
 {
  "source-№": 42,
  "source-President": "Bill Clinton; Born: August 19 1946 (age 69);",
  "source-State": "Arkansas",
  "source-Term of office": "January 20 1993; –; January 20 2001",
  "source-Party": "Democratic",
  "source-Term;": "53; (1996)",
  "source-Previous office": "40th &amp; 42nd; Governor of Arkansas; (1979–1981 1983–1992)",
  "target-OB": 42,
  "target-Name": "Bill Clinton",
  "target-Birth Name": "William Jefferson Blythe III",
  "target-OP": 42,
  "target-Birthplace": "Hope",
  "target-State of Birth": "Arkansas",
  "target-AP": 46
 },
 {
  "source-№": 43,
  "source-President": "George W. Bush; Born: July 6 1946 (age 69);",
  "source-State": "Texas",
  "source-Term of office": "January 20 2001; –; January 20 2009",
  "source-Party": "Republican",
  "source-Term;": "54; (2000)",
  "source-Previous office": "46th; Governor of Texas; (1995–2000)",
  "target-OB": 41,
  "target-Name": "George W. Bush",
  "target-Birth Name": "George Walker Bush",
  "target-OP": 43,
  "target-Birthplace": "New Haven",
  "target-State of Birth": "Connecticut",
  "target-AP": 54
 },
 {
  "source-№": 43,
  "source-President": "George W. Bush; Born: July 6 1946 (age 69);",
  "source-State": "Texas",
  "source-Term of office": "January 20 2001; –; January 20 2009",
  "source-Party": "Republican",
  "source-Term;": "55; (2004)",
  "source-Previous office": "46th; Governor of Texas; (1995–2000)",
  "target-OB": 41,
  "target-Name": "George W. Bush",
  "target-Birth Name": "George Walker Bush",
  "target-OP": 43,
  "target-Birthplace": "New Haven",
  "target-State of Birth": "Connecticut",
  "target-AP": 54
 },
 {
  "source-№": 44,
  "source-President": "Barack Obama; Born: August 4 1961 (age 54);",
  "source-State": "Illinois",
  "source-Term of office": "January 20 2009; –; Incumbent",
  "source-Party": "Democratic",
  "source-Term;": "56; (2008)",
  "source-Previous office": "U.S. Senator from Illinois; (2005–2008)",
  "target-OB": 43,
  "target-Name": "Barack Obama",
  "target-Birth Name": "Barack Hussein Obama II",
  "target-OP": 44,
  "target-Birthplace": "Honolulu",
  "target-State of Birth": "Hawaii",
  "target-AP": 47
 },
 {
  "source-№": 44,
  "source-President": "Barack Obama; Born: August 4 1961 (age 54);",
  "source-State": "Illinois",
  "source-Term of office": "January 20 2009; –; Incumbent",
  "source-Party": "Democratic",
  "source-Term;": "57; (2012)",
  "source-Previous office": "U.S. Senator from Illinois; (2005–2008)",
  "target-OB": 43,
  "target-Name": "Barack Obama",
  "target-Birth Name": "Barack Hussein Obama II",
  "target-OP": 44,
  "target-Birthplace": "Honolulu",
  "target-State of Birth": "Hawaii",
  "target-AP": 47
 }
]