[
 {
  "source-№": 1,
  "source-President": "George Washington; February 22 1732 – December 14 1799; (aged 67);",
  "source-State": "Virginia",
  "source-Term of office": "April 30 1789; –; March 4 1797;",
  "source-Party": "Non-partisan;",
  "source-Term;": "1; (1789)",
  "source-Previous office": "Commander-in-Chief; of the; Continental Army; (1775–1783)",
  "source-Vice President": "John Adams",
  "target-State": "Virginia",
  "target-Presidents per state": 5,
  "target-Presidents": "George Washington*",
  "target-#th President": 1
 },
 {
  "source-№": 1,
  "source-President": "George Washington; February 22 1732 – December 14 1799; (aged 67);",
  "source-State": "Virginia",
  "source-Term of office": "April 30 1789; –; March 4 1797;",
  "source-Party": "Non-partisan;",
  "source-Term;": "2; (1792)",
  "source-Previous office": "Commander-in-Chief; of the; Continental Army; (1775–1783)",
  "source-Vice President": "John Adams",
  "target-State": "Virginia",
  "target-Presidents per state": 5,
  "target-Presidents": "George Washington*",
  "target-#th President": 1
 },
 {
  "source-№": 2,
  "source-President": "John Adams; October 30 1735 – July 4 1826; (aged 90);",
  "source-State": "Massachusetts",
  "source-Term of office": "March 4 1797; –; March 4 1801;",
  "source-Party": "Federalist",
  "source-Term;": "3; (1796)",
  "source-Previous office": "1st; Vice President of the United States",
  "source-Vice President": "Thomas Jefferson",
  "target-State": "Massachusetts",
  "target-Presidents per state": 4,
  "target-Presidents": "John Adams*",
  "target-#th President": 2
 },
 {
  "source-№": 3,
  "source-President": "Thomas Jefferson; April 13 1743 – July 4 1826; (aged 83);",
  "source-State": "Virginia",
  "source-Term of office": "March 4 1801; –; March 4 1809;",
  "source-Party": "Democratic-; Republican",
  "source-Term;": "4; (1800)",
  "source-Previous office": "2nd; Vice President of the United States",
  "source-Vice President": "Aaron Burr; March 4 1801 – March 4 1805",
  "target-State": "Virginia",
  "target-Presidents per state": 5,
  "target-Presidents": "Thomas Jefferson*",
  "target-#th President": 3
 },
 {
  "source-№": 3,
  "source-President": "Thomas Jefferson; April 13 1743 – July 4 1826; (aged 83);",
  "source-State": "Virginia",
  "source-Term of office": "March 4 1801; –; March 4 1809;",
  "source-Party": "Democratic-; Republican",
  "source-Term;": "5; (1804)",
  "source-Previous office": "2nd; Vice President of the United States",
  "source-Vice President": "George Clinton; March 4 1805 – April 20 1812;",
  "target-State": "Virginia",
  "target-Presidents per state": 5,
  "target-Presidents": "Thomas Jefferson*",
  "target-#th President": 3
 },
 {
  "source-№": 4,
  "source-President": "James Madison; March 16 1751 – June 28 1836; (aged 85);",
  "source-State": "Virginia",
  "source-Term of office": "March 4 1809; –; March 4 1817;",
  "source-Party": "Democratic-; Republican",
  "source-Term;": "6; (1808)",
  "source-Previous office": "5th; United States Secretary of State; (1801–1809)",
  "source-Vice President": "George Clinton; March 4 1805 – April 20 1812;",
  "target-State": "Virginia",
  "target-Presidents per state": 5,
  "target-Presidents": "James Madison*",
  "target-#th President": 4
 },
 {
  "source-№": 4,
  "source-President": "James Madison; March 16 1751 – June 28 1836; (aged 85);",
  "source-State": "Virginia",
  "source-Term of office": "March 4 1809; –; March 4 1817;",
  "source-Party": "Democratic-; Republican",
  "source-Term;": "6; (1808)",
  "source-Previous office": "5th; United States Secretary of State; (1801–1809)",
  "source-Vice President": "Vacant; April 20 1812 – March 4 1813;",
  "source-Vice President": "Vacant; April 20 1812 – March 4 1813;",
  "target-State": "Virginia",
  "target-Presidents per state": 5,
  "target-Presidents": "James Madison*",
  "target-#th President": 4
 },
 {
  "source-№": 4,
  "source-President": "James Madison; March 16 1751 – June 28 1836; (aged 85);",
  "source-State": "Virginia",
  "source-Term of office": "March 4 1809; –; March 4 1817;",
  "source-Party": "Democratic-; Republican",
  "source-Term;": "7; (1812)",
  "source-Previous office": "5th; United States Secretary of State; (1801–1809)",
  "source-Vice President": "Elbridge Gerry; March 4 1813 – November 23 1814;",
  "target-State": "Virginia",
  "target-Presidents per state": 5,
  "target-Presidents": "James Madison*",
  "target-#th President": 4
 },
 {
  "source-№": 4,
  "source-President": "James Madison; March 16 1751 – June 28 1836; (aged 85);",
  "source-State": "Virginia",
  "source-Term of office": "March 4 1809; –; March 4 1817;",
  "source-Party": "Democratic-; Republican",
  "source-Term;": "7; (1812)",
  "source-Previous office": "5th; United States Secretary of State; (1801–1809)",
  "source-Vice President": "Vacant; November 23 1814 – March 4 1817;",
  "source-Vice President": "Vacant; November 23 1814 – March 4 1817;",
  "target-State": "Virginia",
  "target-Presidents per state": 5,
  "target-Presidents": "James Madison*",
  "target-#th President": 4
 },
 {
  "source-№": 5,
  "source-President": "James Monroe; April 28 1758 – July 4 1831; (aged 73);",
  "source-State": "Virginia",
  "source-Term of office": "March 4 1817; –; March 4 1825;",
  "source-Party": "Democratic-; Republican",
  "source-Term;": "8; (1816)",
  "source-Previous office": "7th; United States Secretary of State; (1811–1817)",
  "source-Vice President": "Daniel D. Tompkins",
  "target-State": "Virginia",
  "target-Presidents per state": 5,
  "target-Presidents": "James Monroe*",
  "target-#th President": 5
 },
 {
  "source-№": 5,
  "source-President": "James Monroe; April 28 1758 – July 4 1831; (aged 73);",
  "source-State": "Virginia",
  "source-Term of office": "March 4 1817; –; March 4 1825;",
  "source-Party": "Democratic-; Republican",
  "source-Term;": "9; (1820)",
  "source-Previous office": "7th; United States Secretary of State; (1811–1817)",
  "source-Vice President": "Daniel D. Tompkins",
  "target-State": "Virginia",
  "target-Presidents per state": 5,
  "target-Presidents": "James Monroe*",
  "target-#th President": 5
 },
 {
  "source-№": 6,
  "source-President": "John Quincy Adams; July 11 1767 – February 23 1848; (aged 80);",
  "source-State": "Massachusetts",
  "source-Term of office": "March 4 1825; –; March 4 1829;",
  "source-Party": "Democratic-; Republican",
  "source-Term;": "10; (1824)",
  "source-Previous office": "8th; United States Secretary of State; (1817–1825)",
  "source-Vice President": "John C. Calhoun; March 4 1825 – December 28 1832;",
  "target-State": "Massachusetts",
  "target-Presidents per state": 4,
  "target-Presidents": "John Quincy Adams*",
  "target-#th President": 6
 },
 {
  "source-№": 7,
  "source-President": "Andrew Jackson; March 15 1767 – June 8 1845; (aged 78);",
  "source-State": "Tennessee",
  "source-Term of office": "March 4 1829; –; March 4 1837;",
  "source-Party": "Democratic",
  "source-Term;": "11; (1828)",
  "source-Previous office": "U.S. Senator from Tennessee; (1823–1825)",
  "source-Vice President": "John C. Calhoun; March 4 1825 – December 28 1832;",
  "target-State": "Tennessee",
  "target-Presidents per state": 3,
  "target-Presidents": "Andrew Jackson*",
  "target-#th President": 7
 },
 {
  "source-№": 7,
  "source-President": "Andrew Jackson; March 15 1767 – June 8 1845; (aged 78);",
  "source-State": "Tennessee",
  "source-Term of office": "March 4 1829; –; March 4 1837;",
  "source-Party": "Democratic",
  "source-Term;": "11; (1828)",
  "source-Previous office": "U.S. Senator from Tennessee; (1823–1825)",
  "source-Vice President": "Vacant; December 28 1832 – March 4 1833;",
  "source-Vice President": "Vacant; December 28 1832 – March 4 1833;",
  "target-State": "Tennessee",
  "target-Presidents per state": 3,
  "target-Presidents": "Andrew Jackson*",
  "target-#th President": 7
 },
 {
  "source-№": 7,
  "source-President": "Andrew Jackson; March 15 1767 – June 8 1845; (aged 78);",
  "source-State": "Tennessee",
  "source-Term of office": "March 4 1829; –; March 4 1837;",
  "source-Party": "Democratic",
  "source-Term;": "12; (1832)",
  "source-Previous office": "U.S. Senator from Tennessee; (1823–1825)",
  "source-Vice President": "Martin Van Buren; March 4 1833 – March 4 1837",
  "target-State": "Tennessee",
  "target-Presidents per state": 3,
  "target-Presidents": "Andrew Jackson*",
  "target-#th President": 7
 },
 {
  "source-№": 8,
  "source-President": "Martin Van Buren; December 5 1782 – July 24 1862; (aged 79);",
  "source-State": "New York",
  "source-Term of office": "March 4 1837; –; March 4 1841;",
  "source-Party": "Democratic",
  "source-Term;": "13; (1836)",
  "source-Previous office": "8th; Vice President of the United States",
  "source-Vice President": "Richard Mentor Johnson",
  "target-State": "New York",
  "target-Presidents per state": 6,
  "target-Presidents": "Martin Van Buren*",
  "target-#th President": 8
 },
 {
  "source-№": 9,
  "source-President": "William Henry Harrison; February 9 1773 – April 4 1841; (aged 68);",
  "source-State": "Ohio",
  "source-Term of office": "March 4 1841; –; April 4 1841;",
  "source-Party": "Whig",
  "source-Term;": "14; (1840)",
  "source-Previous office": "United States Minister to Colombia; (1828–1829)",
  "source-Vice President": "John Tyler",
  "target-State": "Ohio",
  "target-Presidents per state": 6,
  "target-Presidents": "William Henry Harrison*",
  "target-#th President": 9
 },
 {
  "source-№": 10,
  "source-President": "John Tyler; March 29 1790 – January 18 1862; (aged 71);",
  "source-State": "Virginia",
  "source-Term of office": "April 4 1841; –; March 4 1845;",
  "source-Party": "Whig; April 4 1841 – September 13 1841",
  "source-Term;": "14; (1840)",
  "source-Previous office": "10th; Vice President of the United States;",
  "source-Vice President": "Vacant;",
  "source-Vice President": "Vacant;",
  "target-State": "Virginia",
  "target-Presidents per state": 5,
  "target-Presidents": "John Tyler*",
  "target-#th President": 10
 },
 {
  "source-№": 10,
  "source-President": "John Tyler; March 29 1790 – January 18 1862; (aged 71);",
  "source-State": "Virginia",
  "source-Term of office": "April 4 1841; –; March 4 1845;",
  "source-Party": "Independent; September 13 1841 – March 4 1845;",
  "source-Term;": "14; (1840)",
  "source-Previous office": "10th; Vice President of the United States;",
  "source-Vice President": "Vacant;",
  "source-Vice President": "Vacant;",
  "target-State": "Virginia",
  "target-Presidents per state": 5,
  "target-Presidents": "John Tyler*",
  "target-#th President": 10
 },
 {
  "source-№": 11,
  "source-President": "James K. Polk; November 2 1795 – June 15 1849; (aged 53);",
  "source-State": "Tennessee",
  "source-Term of office": "March 4 1845; –; March 4 1849;",
  "source-Party": "Democratic",
  "source-Term;": "15; (1844)",
  "source-Previous office": "9th; Governor of Tennessee; (1839–1841)",
  "source-Vice President": "George M. Dallas",
  "target-State": "Tennessee",
  "target-Presidents per state": 3,
  "target-Presidents": "James K. Polk*",
  "target-#th President": 11
 },
 {
  "source-№": 12,
  "source-President": "Zachary Taylor; November 24 1784 – July 9 1850; (aged 65);",
  "source-State": "Louisiana",
  "source-Term of office": "March 4 1849; –; July 9 1850;",
  "source-Party": "Whig",
  "source-Term;": "16; (1848)",
  "source-Previous office": "Major General of the 1st Infantry Regiment; United States Army; (1846–1849)",
  "source-Vice President": "Millard Fillmore",
  "target-State": "Louisiana",
  "target-Presidents per state": 1,
  "target-Presidents": "Zachary Taylor*",
  "target-#th President": 12
 },
 {
  "source-№": 13,
  "source-President": "Millard Fillmore; January 7 1800 – March 8 1874; (aged 74);",
  "source-State": "New York",
  "source-Term of office": "July 9 1850; –; March 4 1853;",
  "source-Party": "Whig",
  "source-Term;": "16; (1848)",
  "source-Previous office": "12th; Vice President of the United States",
  "source-Vice President": "Vacant;",
  "source-Vice President": "Vacant;",
  "target-State": "New York",
  "target-Presidents per state": 6,
  "target-Presidents": "Millard Fillmore*",
  "target-#th President": 13
 },
 {
  "source-№": 14,
  "source-President": "Franklin Pierce; November 23 1804 – October 8 1869; (aged 64);",
  "source-State": "New Hampshire",
  "source-Term of office": "March 4 1853; –; March 4 1857;",
  "source-Party": "Democratic",
  "source-Term;": "17; (1852)",
  "source-Previous office": "Brigadier General of the 9th Infantry; United States Army; (1847–1848)",
  "source-Vice President": "William R. King; March 4 1853 – April 18 1853;",
  "target-State": "New Hampshire",
  "target-Presidents per state": 1,
  "target-Presidents": "Franklin Pierce*",
  "target-#th President": 14
 },
 {
  "source-№": 14,
  "source-President": "Franklin Pierce; November 23 1804 – October 8 1869; (aged 64);",
  "source-State": "New Hampshire",
  "source-Term of office": "March 4 1853; –; March 4 1857;",
  "source-Party": "Democratic",
  "source-Term;": "17; (1852)",
  "source-Previous office": "Brigadier General of the 9th Infantry; United States Army; (1847–1848)",
  "source-Vice President": "Vacant; April 18 1853 – March 4 1857;",
  "source-Vice President": "Vacant; April 18 1853 – March 4 1857;",
  "target-State": "New Hampshire",
  "target-Presidents per state": 1,
  "target-Presidents": "Franklin Pierce*",
  "target-#th President": 14
 },
 {
  "source-№": 15,
  "source-President": "James Buchanan; April 23 1791 – June 1 1868; (aged 77);",
  "source-State": "Pennsylvania",
  "source-Term of office": "March 4 1857; –; March 4 1861;",
  "source-Party": "Democratic",
  "source-Term;": "18; (1856)",
  "source-Previous office": "United States Minister to the; Court of St James&#39;s; (1853–1856)",
  "source-Vice President": "John C. Breckinridge",
  "target-State": "Pennsylvania",
  "target-Presidents per state": 1,
  "target-Presidents": "James Buchanan*",
  "target-#th President": 15
 },
 {
  "source-№": 16,
  "source-President": "Abraham Lincoln; February 12 1809 – April 15 1865; (aged 56);",
  "source-State": "Illinois",
  "source-Term of office": "March 4 1861; –; April 15 1865;",
  "source-Party": "Republican",
  "source-Term;": "19; (1860)",
  "source-Previous office": "U.S. Representative for Illinois&#39; 7th; (1847–1849)",
  "source-Vice President": "Hannibal Hamlin; March 4 1861 – March 4 1865",
  "target-State": "Illinois",
  "target-Presidents per state": 3,
  "target-Presidents": "Abraham Lincoln*",
  "target-#th President": 16
 },
 {
  "source-№": 16,
  "source-President": "Abraham Lincoln; February 12 1809 – April 15 1865; (aged 56);",
  "source-State": "Illinois",
  "source-Term of office": "March 4 1861; –; April 15 1865;",
  "source-Party": "Republican; National Union;",
  "source-Term;": "20; (1864)",
  "source-Previous office": "U.S. Representative for Illinois&#39; 7th; (1847–1849)",
  "source-Vice President": "Andrew Johnson; March 4 1865 – April 15 1865",
  "target-State": "Illinois",
  "target-Presidents per state": 3,
  "target-Presidents": "Abraham Lincoln*",
  "target-#th President": 16
 },
 {
  "source-№": 17,
  "source-President": "Andrew Johnson; December 29 1808 – July 31 1875; (aged 66);",
  "source-State": "Tennessee",
  "source-Term of office": "April 15 1865; –; March 4 1869;",
  "source-Party": "Democratic; National Union; Not Affiliated;",
  "source-Term;": "20; (1864)",
  "source-Previous office": "16th; Vice President of the United States",
  "source-Vice President": "Vacant;",
  "source-Vice President": "Vacant;",
  "target-State": "Tennessee",
  "target-Presidents per state": 3,
  "target-Presidents": "Andrew Johnson*",
  "target-#th President": 17
 },
 {
  "source-№": 18,
  "source-President": "Ulysses S. Grant; April 27 1822 – July 23 1885; (aged 63);",
  "source-State": "Ohio",
  "source-Term of office": "March 4 1869; –; March 4 1877;",
  "source-Party": "Republican",
  "source-Term;": "21; (1868)",
  "source-Previous office": "Commanding General of the U.S. Army; (1864–1869)",
  "source-Vice President": "Schuyler Colfax; March 4 1869 – March 4 1873",
  "target-State": "Illinois",
  "target-Presidents per state": 3,
  "target-Presidents": "Ulysses S. Grant*",
  "target-#th President": 18
 },
 {
  "source-№": 18,
  "source-President": "Ulysses S. Grant; April 27 1822 – July 23 1885; (aged 63);",
  "source-State": "Ohio",
  "source-Term of office": "March 4 1869; –; March 4 1877;",
  "source-Party": "Republican",
  "source-Term;": "22; (1872)",
  "source-Previous office": "Commanding General of the U.S. Army; (1864–1869)",
  "source-Vice President": "Henry Wilson; March 4 1873 – November 22 1875;",
  "target-State": "Illinois",
  "target-Presidents per state": 3,
  "target-Presidents": "Ulysses S. Grant*",
  "target-#th President": 18
 },
 {
  "source-№": 18,
  "source-President": "Ulysses S. Grant; April 27 1822 – July 23 1885; (aged 63);",
  "source-State": "Ohio",
  "source-Term of office": "March 4 1869; –; March 4 1877;",
  "source-Party": "Republican",
  "source-Term;": "22; (1872)",
  "source-Previous office": "Commanding General of the U.S. Army; (1864–1869)",
  "source-Vice President": "Vacant; November 22 1875 – March 4 1877;",
  "source-Vice President": "Vacant; November 22 1875 – March 4 1877;",
  "target-State": "Illinois",
  "target-Presidents per state": 3,
  "target-Presidents": "Ulysses S. Grant*",
  "target-#th President": 18
 },
 {
  "source-№": 19,
  "source-President": "Rutherford B. Hayes; October 4 1822 – January 17 1893; (aged 70);",
  "source-State": "Ohio",
  "source-Term of office": "March 4 1877; –; March 4 1881;",
  "source-Party": "Republican",
  "source-Term;": "23; (1876)",
  "source-Previous office": "32nd; Governor of Ohio; (1868–1872 1876–1877)",
  "source-Vice President": "William A. Wheeler",
  "target-State": "Ohio",
  "target-Presidents per state": 6,
  "target-Presidents": "Rutherford B. Hayes*",
  "target-#th President": 19
 },
 {
  "source-№": 20,
  "source-President": "James A. Garfield; November 19 1831 – September 19 1881; (aged 49);",
  "source-State": "Ohio",
  "source-Term of office": "March 4 1881; –; September 19 1881;",
  "source-Party": "Republican",
  "source-Term;": "24; (1880)",
  "source-Previous office": "U.S. Representative for Ohio&#39;s 19th; (1863–1881)",
  "source-Vice President": "Chester A. Arthur",
  "target-State": "Ohio",
  "target-Presidents per state": 6,
  "target-Presidents": "James A. Garfield*",
  "target-#th President": 20
 },
 {
  "source-№": 21,
  "source-President": "Chester A. Arthur; October 5 1829 – November 18 1886; (aged 57);",
  "source-State": "New York",
  "source-Term of office": "September 19 1881; –; March 4 1885;",
  "source-Party": "Republican",
  "source-Term;": "24; (1880)",
  "source-Previous office": "20th; Vice President of the United States",
  "source-Vice President": "Vacant;",
  "source-Vice President": "Vacant;",
  "target-State": "New York",
  "target-Presidents per state": 6,
  "target-Presidents": "Chester A. Arthur*",
  "target-#th President": 21
 },
 {
  "source-№": 22,
  "source-President": "Grover Cleveland; March 18 1837 – June 24 1908; (aged 71);",
  "source-State": "New York",
  "source-Term of office": "March 4 1885; –; March 4 1889;",
  "source-Party": "Democratic",
  "source-Term;": "25; (1884)",
  "source-Previous office": "28th; Governor of New York; (1883–1885)",
  "source-Vice President": "Thomas A. Hendricks; March 4 1885 – November 25 1885;",
  "target-State": "New York",
  "target-Presidents per state": 6,
  "target-Presidents": "Grover Cleveland*",
  "target-#th President": 22
 },
 {
  "source-№": 22,
  "source-President": "Grover Cleveland; March 18 1837 – June 24 1908; (aged 71);",
  "source-State": "New York",
  "source-Term of office": "March 4 1885; –; March 4 1889;",
  "source-Party": "Democratic",
  "source-Term;": "25; (1884)",
  "source-Previous office": "28th; Governor of New York; (1883–1885)",
  "source-Vice President": "Vacant; November 25 1885 – March 4 1889;",
  "source-Vice President": "Vacant; November 25 1885 – March 4 1889;",
  "target-State": "New York",
  "target-Presidents per state": 6,
  "target-Presidents": "Grover Cleveland*",
  "target-#th President": 22
 },
 {
  "source-№": 23,
  "source-President": "Benjamin Harrison; August 20 1833 – March 13 1901; (aged 67);",
  "source-State": "Indiana",
  "source-Term of office": "March 4 1889; –; March 4 1893;",
  "source-Party": "Republican",
  "source-Term;": "26; (1888)",
  "source-Previous office": "U.S. Senator from Indiana; (1881–1887)",
  "source-Vice President": "Levi P. Morton",
  "target-State": "Indiana",
  "target-Presidents per state": 1,
  "target-Presidents": "Benjamin Harrison*",
  "target-#th President": 23
 },
 {
  "source-№": 24,
  "source-President": "Grover Cleveland; March 18 1837 – June 24 1908; (aged 71);",
  "source-State": "New York",
  "source-Term of office": "March 4 1893; –; March 4 1897;",
  "source-Party": "Democratic",
  "source-Term;": "27; (1892)",
  "source-Previous office": "22nd; President of the United States; (1885–1889)",
  "source-Vice President": "Adlai Stevenson",
  "target-State": "New York",
  "target-Presidents per state": 6,
  "target-Presidents": "Grover Cleveland*",
  "target-#th President": 24
 },
 {
  "source-№": 25,
  "source-President": "William McKinley; January 29 1843 – September 14 1901; (aged 58);",
  "source-State": "Ohio",
  "source-Term of office": "March 4 1897; –; September 14 1901;",
  "source-Party": "Republican",
  "source-Term;": "28; (1896)",
  "source-Previous office": "39th; Governor of Ohio; (1892–1896)",
  "source-Vice President": "Garret Hobart; March 4 1897 – November 21 1899;",
  "target-State": "Ohio",
  "target-Presidents per state": 6,
  "target-Presidents": "William McKinley*",
  "target-#th President": 25
 },
 {
  "source-№": 25,
  "source-President": "William McKinley; January 29 1843 – September 14 1901; (aged 58);",
  "source-State": "Ohio",
  "source-Term of office": "March 4 1897; –; September 14 1901;",
  "source-Party": "Republican",
  "source-Term;": "28; (1896)",
  "source-Previous office": "39th; Governor of Ohio; (1892–1896)",
  "source-Vice President": "Vacant; November 21 1899 – March 4 1901;",
  "source-Vice President": "Vacant; November 21 1899 – March 4 1901;",
  "target-State": "Ohio",
  "target-Presidents per state": 6,
  "target-Presidents": "William McKinley*",
  "target-#th President": 25
 },
 {
  "source-№": 25,
  "source-President": "William McKinley; January 29 1843 – September 14 1901; (aged 58);",
  "source-State": "Ohio",
  "source-Term of office": "March 4 1897; –; September 14 1901;",
  "source-Party": "Republican",
  "source-Term;": "29; (1900)",
  "source-Previous office": "39th; Governor of Ohio; (1892–1896)",
  "source-Vice President": "Theodore Roosevelt; March 4 1901 – September 14 1901",
  "target-State": "Ohio",
  "target-Presidents per state": 6,
  "target-Presidents": "William McKinley*",
  "target-#th President": 25
 },
 {
  "source-№": 26,
  "source-President": "Theodore Roosevelt; October 27 1858 – January 6 1919; (aged 60);",
  "source-State": "New York",
  "source-Term of office": "September 14 1901; –; March 4 1909;",
  "source-Party": "Republican",
  "source-Term;": "29; (1900)",
  "source-Previous office": "25th; Vice President of the United States",
  "source-Vice President": "Vacant; September 14 1901 – March 4 1905;",
  "source-Vice President": "Vacant; September 14 1901 – March 4 1905;",
  "target-State": "New York",
  "target-Presidents per state": 6,
  "target-Presidents": "Theodore Roosevelt*",
  "target-#th President": 26
 },
 {
  "source-№": 26,
  "source-President": "Theodore Roosevelt; October 27 1858 – January 6 1919; (aged 60);",
  "source-State": "New York",
  "source-Term of office": "September 14 1901; –; March 4 1909;",
  "source-Party": "Republican",
  "source-Term;": "30; (1904)",
  "source-Previous office": "25th; Vice President of the United States",
  "source-Vice President": "Charles W. Fairbanks; March 4 1905 – March 4 1909",
  "target-State": "New York",
  "target-Presidents per state": 6,
  "target-Presidents": "Theodore Roosevelt*",
  "target-#th President": 26
 },
 {
  "source-№": 27,
  "source-President": "William Howard Taft; September 15 1857 – March 8 1930; (aged 72);",
  "source-State": "Ohio",
  "source-Term of office": "March 4 1909; –; March 4 1913;",
  "source-Party": "Republican",
  "source-Term;": "31; (1908)",
  "source-Previous office": "42nd; United States Secretary of War; (1904–1908)",
  "source-Vice President": "James S. Sherman; March 4 1909 – October 30 1912;",
  "target-State": "Ohio",
  "target-Presidents per state": 6,
  "target-Presidents": "William Howard Taft*",
  "target-#th President": 27
 },
 {
  "source-№": 27,
  "source-President": "William Howard Taft; September 15 1857 – March 8 1930; (aged 72);",
  "source-State": "Ohio",
  "source-Term of office": "March 4 1909; –; March 4 1913;",
  "source-Party": "Republican",
  "source-Term;": "31; (1908)",
  "source-Previous office": "42nd; United States Secretary of War; (1904–1908)",
  "source-Vice President": "Vacant; October 30 1912 – March 4 1913;",
  "source-Vice President": "Vacant; October 30 1912 – March 4 1913;",
  "target-State": "Ohio",
  "target-Presidents per state": 6,
  "target-Presidents": "William Howard Taft*",
  "target-#th President": 27
 },
 {
  "source-№": 28,
  "source-President": "Woodrow Wilson; December 28 1856 – February 3 1924; (aged 67);",
  "source-State": "New Jersey",
  "source-Term of office": "March 4 1913; –; March 4 1921;",
  "source-Party": "Democratic",
  "source-Term;": "32; (1912)",
  "source-Previous office": "34th; Governor of New Jersey; (1911–1913)",
  "source-Vice President": "Thomas R. Marshall",
  "target-State": "New Jersey",
  "target-Presidents per state": 1,
  "target-Presidents": "Woodrow Wilson*",
  "target-#th President": 28
 },
 {
  "source-№": 28,
  "source-President": "Woodrow Wilson; December 28 1856 – February 3 1924; (aged 67);",
  "source-State": "New Jersey",
  "source-Term of office": "March 4 1913; –; March 4 1921;",
  "source-Party": "Democratic",
  "source-Term;": "33; (1916)",
  "source-Previous office": "34th; Governor of New Jersey; (1911–1913)",
  "source-Vice President": "Thomas R. Marshall",
  "target-State": "New Jersey",
  "target-Presidents per state": 1,
  "target-Presidents": "Woodrow Wilson*",
  "target-#th President": 28
 },
 {
  "source-№": 29,
  "source-President": "Warren G. Harding; November 2 1865 – August 2 1923; (aged 57);",
  "source-State": "Ohio",
  "source-Term of office": "March 4 1921; –; August 2 1923;",
  "source-Party": "Republican",
  "source-Term;": "34; (1920)",
  "source-Previous office": "U.S. Senator from Ohio; (1915–1921)",
  "source-Vice President": "Calvin Coolidge",
  "target-State": "Ohio",
  "target-Presidents per state": 6,
  "target-Presidents": "Warren G. Harding*",
  "target-#th President": 29
 },
 {
  "source-№": 30,
  "source-President": "Calvin Coolidge; July 4 1872 – January 5 1933; (aged 60);",
  "source-State": "Massachusetts",
  "source-Term of office": "August 2 1923; –; March 4 1929;",
  "source-Party": "Republican",
  "source-Term;": "34; (1920)",
  "source-Previous office": "29th; Vice President of the United States",
  "source-Vice President": "Vacant; August 2 1923 – March 4 1925;",
  "source-Vice President": "Vacant; August 2 1923 – March 4 1925;",
  "target-State": "Massachusetts",
  "target-Presidents per state": 4,
  "target-Presidents": "Calvin Coolidge*",
  "target-#th President": 30
 },
 {
  "source-№": 30,
  "source-President": "Calvin Coolidge; July 4 1872 – January 5 1933; (aged 60);",
  "source-State": "Massachusetts",
  "source-Term of office": "August 2 1923; –; March 4 1929;",
  "source-Party": "Republican",
  "source-Term;": "35; (1924)",
  "source-Previous office": "29th; Vice President of the United States",
  "source-Vice President": "Charles G. Dawes; March 4 1925 – March 4 1929",
  "target-State": "Massachusetts",
  "target-Presidents per state": 4,
  "target-Presidents": "Calvin Coolidge*",
  "target-#th President": 30
 },
 {
  "source-№": 31,
  "source-President": "Herbert Hoover; August 10 1874 – October 20 1964; (aged 90);",
  "source-State": "Iowa",
  "source-Term of office": "March 4 1929; –; March 4 1933;",
  "source-Party": "Republican",
  "source-Term;": "36; (1928)",
  "source-Previous office": "3rd; United States Secretary of Commerce; (1921–1928)",
  "source-Vice President": "Charles Curtis",
  "target-State": "California",
  "target-Presidents per state": 3,
  "target-Presidents": "Herbert Hoover*",
  "target-#th President": 31
 },
 {
  "source-№": 32,
  "source-President": "Franklin D. Roosevelt; January 30 1882 – April 12 1945; (aged 63);",
  "source-State": "New York",
  "source-Term of office": "March 4 1933; –; April 12 1945;",
  "source-Party": "Democratic",
  "source-Term;": "37; (1932);",
  "source-Previous office": "44th; Governor of New York; (1929–1932)",
  "source-Vice President": "John Nance Garner; March 4 1933 – January 20 1941",
  "target-State": "New York",
  "target-Presidents per state": 6,
  "target-Presidents": "Franklin D. Roosevelt*",
  "target-#th President": 32
 },
 {
  "source-№": 32,
  "source-President": "Franklin D. Roosevelt; January 30 1882 – April 12 1945; (aged 63);",
  "source-State": "New York",
  "source-Term of office": "March 4 1933; –; April 12 1945;",
  "source-Party": "Democratic",
  "source-Term;": "38; (1936)",
  "source-Previous office": "44th; Governor of New York; (1929–1932)",
  "source-Vice President": "John Nance Garner; March 4 1933 – January 20 1941",
  "target-State": "New York",
  "target-Presidents per state": 6,
  "target-Presidents": "Franklin D. Roosevelt*",
  "target-#th President": 32
 },
 {
  "source-№": 32,
  "source-President": "Franklin D. Roosevelt; January 30 1882 – April 12 1945; (aged 63);",
  "source-State": "New York",
  "source-Term of office": "March 4 1933; –; April 12 1945;",
  "source-Party": "Democratic",
  "source-Term;": "39; (1940)",
  "source-Previous office": "44th; Governor of New York; (1929–1932)",
  "source-Vice President": "Henry A. Wallace; January 20 1941 – January 20 1945",
  "target-State": "New York",
  "target-Presidents per state": 6,
  "target-Presidents": "Franklin D. Roosevelt*",
  "target-#th President": 32
 },
 {
  "source-№": 32,
  "source-President": "Franklin D. Roosevelt; January 30 1882 – April 12 1945; (aged 63);",
  "source-State": "New York",
  "source-Term of office": "March 4 1933; –; April 12 1945;",
  "source-Party": "Democratic",
  "source-Term;": "40; (1944)",
  "source-Previous office": "44th; Governor of New York; (1929–1932)",
  "source-Vice President": "Harry S. Truman; January 20 1945 – April 12 1945",
  "target-State": "New York",
  "target-Presidents per state": 6,
  "target-Presidents": "Franklin D. Roosevelt*",
  "target-#th President": 32
 },
 {
  "source-№": 33,
  "source-President": "Harry S. Truman; May 8 1884 – December 26 1972; (aged 88);",
  "source-State": "Missouri",
  "source-Term of office": "April 12 1945; –; January 20 1953;",
  "source-Party": "Democratic",
  "source-Term;": "40; (1944)",
  "source-Previous office": "34th; Vice President of the United States",
  "source-Vice President": "Vacant; April 12 1945 – January 20 1949;",
  "source-Vice President": "Vacant; April 12 1945 – January 20 1949;",
  "target-State": "Missouri",
  "target-Presidents per state": 1,
  "target-Presidents": "Harry S. Truman*",
  "target-#th President": 33
 },
 {
  "source-№": 33,
  "source-President": "Harry S. Truman; May 8 1884 – December 26 1972; (aged 88);",
  "source-State": "Missouri",
  "source-Term of office": "April 12 1945; –; January 20 1953;",
  "source-Party": "Democratic",
  "source-Term;": "41; (1948)",
  "source-Previous office": "34th; Vice President of the United States",
  "source-Vice President": "Alben W. Barkley; January 20 1949 – January 20 1953",
  "target-State": "Missouri",
  "target-Presidents per state": 1,
  "target-Presidents": "Harry S. Truman*",
  "target-#th President": 33
 },
 {
  "source-№": 34,
  "source-President": "Dwight D. Eisenhower; October 14 1890 – March 28 1969; (aged 78);",
  "source-State": "Kansas",
  "source-Term of office": "January 20 1953; –; January 20 1961;",
  "source-Party": "Republican",
  "source-Term;": "42; (1952)",
  "source-Previous office": "Supreme Allied Commander Europe; (1949–1952)",
  "source-Vice President": "Richard Nixon",
  "target-State": "Kansas",
  "target-Presidents per state": 1,
  "target-Presidents": "Dwight D. Eisenhower*",
  "target-#th President": 34
 },
 {
  "source-№": 34,
  "source-President": "Dwight D. Eisenhower; October 14 1890 – March 28 1969; (aged 78);",
  "source-State": "Kansas",
  "source-Term of office": "January 20 1953; –; January 20 1961;",
  "source-Party": "Republican",
  "source-Term;": "43; (1956)",
  "source-Previous office": "Supreme Allied Commander Europe; (1949–1952)",
  "source-Vice President": "Richard Nixon",
  "target-State": "Kansas",
  "target-Presidents per state": 1,
  "target-Presidents": "Dwight D. Eisenhower*",
  "target-#th President": 34
 },
 {
  "source-№": 35,
  "source-President": "John F. Kennedy; May 29 1917 – November 22 1963; (aged 46);",
  "source-State": "Massachusetts",
  "source-Term of office": "January 20 1961; –; November 22 1963;",
  "source-Party": "Democratic",
  "source-Term;": "44; (1960)",
  "source-Previous office": "U.S. Senator from Massachusetts; (1953–1960)",
  "source-Vice President": "Lyndon B. Johnson",
  "target-State": "Massachusetts",
  "target-Presidents per state": 4,
  "target-Presidents": "John F. Kennedy*",
  "target-#th President": 35
 },
 {
  "source-№": 36,
  "source-President": "Lyndon B. Johnson; August 27 1908 – January 22 1973; (aged 64);",
  "source-State": "Texas",
  "source-Term of office": "November 22 1963; –; January 20 1969;",
  "source-Party": "Democratic",
  "source-Term;": "44; (1960)",
  "source-Previous office": "37th; Vice President of the United States",
  "source-Vice President": "Vacant; November 22 1963 – January 20 1965;",
  "source-Vice President": "Vacant; November 22 1963 – January 20 1965;",
  "target-State": "Texas",
  "target-Presidents per state": 3,
  "target-Presidents": "Lyndon B. Johnson*",
  "target-#th President": 36
 },
 {
  "source-№": 36,
  "source-President": "Lyndon B. Johnson; August 27 1908 – January 22 1973; (aged 64);",
  "source-State": "Texas",
  "source-Term of office": "November 22 1963; –; January 20 1969;",
  "source-Party": "Democratic",
  "source-Term;": "45; (1964)",
  "source-Previous office": "37th; Vice President of the United States",
  "source-Vice President": "Hubert Humphrey; January 20 1965 – January 20 1969",
  "target-State": "Texas",
  "target-Presidents per state": 3,
  "target-Presidents": "Lyndon B. Johnson*",
  "target-#th President": 36
 },
 {
  "source-№": 37,
  "source-President": "Richard Nixon; January 9 1913 – April 22 1994; (aged 81);",
  "source-State": "California",
  "source-Term of office": "January 20 1969; –; August 9 1974;",
  "source-Party": "Republican",
  "source-Term;": "46; (1968)",
  "source-Previous office": "36th; Vice President of the United States; (1953–1961)",
  "source-Vice President": "Spiro Agnew; January 20 1969 – October 10 1973;",
  "target-State": "California",
  "target-Presidents per state": 3,
  "target-Presidents": "Richard Nixon*",
  "target-#th President": 37
 },
 {
  "source-№": 37,
  "source-President": "Richard Nixon; January 9 1913 – April 22 1994; (aged 81);",
  "source-State": "California",
  "source-Term of office": "January 20 1969; –; August 9 1974;",
  "source-Party": "Republican",
  "source-Term;": "47; (1972)",
  "source-Previous office": "36th; Vice President of the United States; (1953–1961)",
  "source-Vice President": "Spiro Agnew; January 20 1969 – October 10 1973;",
  "target-State": "California",
  "target-Presidents per state": 3,
  "target-Presidents": "Richard Nixon*",
  "target-#th President": 37
 },
 {
  "source-№": 37,
  "source-President": "Richard Nixon; January 9 1913 – April 22 1994; (aged 81);",
  "source-State": "California",
  "source-Term of office": "January 20 1969; –; August 9 1974;",
  "source-Party": "Republican",
  "source-Term;": "47; (1972)",
  "source-Previous office": "36th; Vice President of the United States; (1953–1961)",
  "source-Vice President": "Vacant; October 10 1973 – December 6 1973;",
  "source-Vice President": "Vacant; October 10 1973 – December 6 1973;",
  "target-State": "California",
  "target-Presidents per state": 3,
  "target-Presidents": "Richard Nixon*",
  "target-#th President": 37
 },
 {
  "source-№": 37,
  "source-President": "Richard Nixon; January 9 1913 – April 22 1994; (aged 81);",
  "source-State": "California",
  "source-Term of office": "January 20 1969; –; August 9 1974;",
  "source-Party": "Republican",
  "source-Term;": "47; (1972)",
  "source-Previous office": "36th; Vice President of the United States; (1953–1961)",
  "source-Vice President": "Gerald Ford; December 6 1973 – August 9 1974",
  "target-State": "California",
  "target-Presidents per state": 3,
  "target-Presidents": "Richard Nixon*",
  "target-#th President": 37
 },
 {
  "source-№": 38,
  "source-President": "Gerald Ford; July 14 1913 – December 26 2006; (aged 93);",
  "source-State": "Michigan",
  "source-Term of office": "August 9 1974; –; January 20 1977;",
  "source-Party": "Republican",
  "source-Term;": "47; (1972)",
  "source-Previous office": "40th; Vice President of the United States",
  "source-Vice President": "Vacant; August 9 1974 – December 19 1974;",
  "source-Vice President": "Vacant; August 9 1974 – December 19 1974;",
  "target-State": "Michigan",
  "target-Presidents per state": 1,
  "target-Presidents": "Gerald Ford*",
  "target-#th President": 38
 },
 {
  "source-№": 38,
  "source-President": "Gerald Ford; July 14 1913 – December 26 2006; (aged 93);",
  "source-State": "Michigan",
  "source-Term of office": "August 9 1974; –; January 20 1977;",
  "source-Party": "Republican",
  "source-Term;": "47; (1972)",
  "source-Previous office": "40th; Vice President of the United States",
  "source-Vice President": "Nelson Rockefeller; December 19 1974 – January 20 1977",
  "target-State": "Michigan",
  "target-Presidents per state": 1,
  "target-Presidents": "Gerald Ford*",
  "target-#th President": 38
 },
 {
  "source-№": 39,
  "source-President": "Jimmy Carter; Born: October 1 1924 (age 91);",
  "source-State": "Georgia",
  "source-Term of office": "January 20 1977; –; January 20 1981;",
  "source-Party": "Democratic",
  "source-Term;": "48; (1976)",
  "source-Previous office": "76th; Governor of Georgia; (1971–1975)",
  "source-Vice President": "Walter Mondale",
  "target-State": "Georgia",
  "target-Presidents per state": 1,
  "target-Presidents": "Jimmy Carter*",
  "target-#th President": 39
 },
 {
  "source-№": 40,
  "source-President": "Ronald Reagan; February 6 1911 – June 5 2004; (aged 93);",
  "source-State": "California",
  "source-Term of office": "January 20 1981; –; January 20 1989;",
  "source-Party": "Republican",
  "source-Term;": "49; (1980)",
  "source-Previous office": "33rd; Governor of California; (1967–1975)",
  "source-Vice President": "George H. W. Bush",
  "target-State": "California",
  "target-Presidents per state": 3,
  "target-Presidents": "Ronald Reagan*",
  "target-#th President": 40
 },
 {
  "source-№": 40,
  "source-President": "Ronald Reagan; February 6 1911 – June 5 2004; (aged 93);",
  "source-State": "California",
  "source-Term of office": "January 20 1981; –; January 20 1989;",
  "source-Party": "Republican",
  "source-Term;": "50; (1984)",
  "source-Previous office": "33rd; Governor of California; (1967–1975)",
  "source-Vice President": "George H. W. Bush",
  "target-State": "California",
  "target-Presidents per state": 3,
  "target-Presidents": "Ronald Reagan*",
  "target-#th President": 40
 },
 {
  "source-№": 41,
  "source-President": "George H. W. Bush; Born: June 12 1924 (age 91);",
  "source-State": "Texas",
  "source-Term of office": "January 20 1989; –; January 20 1993;",
  "source-Party": "Republican",
  "source-Term;": "51; (1988)",
  "source-Previous office": "43rd; Vice President of the United States",
  "source-Vice President": "Dan Quayle",
  "target-State": "Texas",
  "target-Presidents per state": 3,
  "target-Presidents": "George H. W. Bush*",
  "target-#th President": 41
 },
 {
  "source-№": 42,
  "source-President": "Bill Clinton; Born: August 19 1946 (age 69);",
  "source-State": "Arkansas",
  "source-Term of office": "January 20 1993; –; January 20 2001;",
  "source-Party": "Democratic",
  "source-Term;": "52; (1992)",
  "source-Previous office": "40th &amp; 42nd; Governor of Arkansas; (1979–1981 1983–1992)",
  "source-Vice President": "Al Gore",
  "target-State": "Arkansas",
  "target-Presidents per state": 1,
  "target-Presidents": "Bill Clinton*",
  "target-#th President": 42
 },
 {
  "source-№": 42,
  "source-President": "Bill Clinton; Born: August 19 1946 (age 69);",
  "source-State": "Arkansas",
  "source-Term of office": "January 20 1993; –; January 20 2001;",
  "source-Party": "Democratic",
  "source-Term;": "53; (1996)",
  "source-Previous office": "40th &amp; 42nd; Governor of Arkansas; (1979–1981 1983–1992)",
  "source-Vice President": "Al Gore",
  "target-State": "Arkansas",
  "target-Presidents per state": 1,
  "target-Presidents": "Bill Clinton*",
  "target-#th President": 42
 },
 {
  "source-№": 43,
  "source-President": "George W. Bush; Born: July 6 1946 (age 69);",
  "source-State": "Texas",
  "source-Term of office": "January 20 2001; –; January 20 2009;",
  "source-Party": "Republican",
  "source-Term;": "54; (2000)",
  "source-Previous office": "46th; Governor of Texas; (1995–2000)",
  "source-Vice President": "Dick Cheney",
  "target-State": "Texas",
  "target-Presidents per state": 3,
  "target-Presidents": "George W. Bush*",
  "target-#th President": 43
 },
 {
  "source-№": 43,
  "source-President": "George W. Bush; Born: July 6 1946 (age 69);",
  "source-State": "Texas",
  "source-Term of office": "January 20 2001; –; January 20 2009;",
  "source-Party": "Republican",
  "source-Term;": "55; (2004)",
  "source-Previous office": "46th; Governor of Texas; (1995–2000)",
  "source-Vice President": "Dick Cheney",
  "target-State": "Texas",
  "target-Presidents per state": 3,
  "target-Presidents": "George W. Bush*",
  "target-#th President": 43
 },
 {
  "source-№": 44,
  "source-President": "Barack Obama; Born: August 4 1961 (age 54);",
  "source-State": "Illinois",
  "source-Term of office": "January 20 2009; –; Incumbent;",
  "source-Party": "Democratic",
  "source-Term;": "56; (2008)",
  "source-Previous office": "U.S. Senator from Illinois; (2005–2008)",
  "source-Vice President": "Joe Biden",
  "target-State": "Illinois",
  "target-Presidents per state": 3,
  "target-Presidents": "Barack Obama*",
  "target-#th President": 44
 },
 {
  "source-№": 44,
  "source-President": "Barack Obama; Born: August 4 1961 (age 54);",
  "source-State": "Illinois",
  "source-Term of office": "January 20 2009; –; Incumbent;",
  "source-Party": "Democratic",
  "source-Term;": "57; (2012)",
  "source-Previous office": "U.S. Senator from Illinois; (2005–2008)",
  "source-Vice President": "Joe Biden",
  "target-State": "Illinois",
  "target-Presidents per state": 3,
  "target-Presidents": "Barack Obama*",
  "target-#th President": 44
 }
]