[
 {
  "source-#": 19,
  "source-Governor": "Lawrence Sullivan Ross",
  "source-Party": "Democratic",
  "target-Governor's Name": "Gov. Lawrence Sullivan Ross",
  "target-State": "Texas",
  "target-Time in Office": "(1887 - 1891)",
  "target-Party": "Democrat"
 },
 {
  "source-#": 20,
  "source-Governor": "James Stephen Hogg",
  "source-Party": "Democratic",
  "target-Governor's Name": "Gov. James Stephen Hogg",
  "target-State": "Texas",
  "target-Time in Office": "(1891 - 1895)",
  "target-Party": "Democrat"
 },
 {
  "source-#": 21,
  "source-Governor": "Charles A. Culberson",
  "source-Party": "Democratic",
  "target-Governor's Name": "Gov. Charles Allen Culberson",
  "target-State": "Texas",
  "target-Time in Office": "(1895 - 1899)",
  "target-Party": "Democrat"
 },
 {
  "source-#": 22,
  "source-Governor": "Joseph D. Sayers",
  "source-Party": "Democratic",
  "target-Governor's Name": "Gov. Joseph Draper Sayers",
  "target-State": "Texas",
  "target-Time in Office": "(1899 - 1903)",
  "target-Party": "Democrat"
 },
 {
  "source-#": 23,
  "source-Governor": "S. W. T. Lanham",
  "source-Party": "Democratic",
  "target-Governor's Name": "Gov. Samuel Willis Tucker Lanham",
  "target-State": "Texas",
  "target-Time in Office": "(1903 - 1907)",
  "target-Party": "Democrat"
 },
 {
  "source-#": 24,
  "source-Governor": "Thomas Mitchell Campbell",
  "source-Party": "Democratic",
  "target-Governor's Name": "Gov. Thomas Mitchell Campbell",
  "target-State": "Texas",
  "target-Time in Office": "(1907 - 1911)",
  "target-Party": "Democrat"
 },
 {
  "source-#": 25,
  "source-Governor": "Oscar Branch Colquitt",
  "source-Party": "Democratic",
  "target-Governor's Name": "Gov. Oscar Branch Colquitt",
  "target-State": "Texas",
  "target-Time in Office": "(1911 - 1915)",
  "target-Party": "Democrat"
 },
 {
  "source-#": 26,
  "source-Governor": "James E. \"Pa\" Ferguson",
  "source-Party": "Democratic",
  "target-Governor's Name": "Gov. James Edward Ferguson",
  "target-State": "Texas",
  "target-Time in Office": "(1915 - 1917)",
  "target-Party": "Democrat"
 },
 {
  "source-#": 27,
  "source-Governor": "William P. Hobby",
  "source-Party": "Democratic",
  "target-Governor's Name": "Gov. William Pettus Hobby",
  "target-State": "Texas",
  "target-Time in Office": "(1917 - 1921)",
  "target-Party": "Democrat"
 },
 {
  "source-#": 28,
  "source-Governor": "Pat Morris Neff",
  "source-Party": "Democratic",
  "target-Governor's Name": "Gov. Pat Morris Neff",
  "target-State": "Texas",
  "target-Time in Office": "(1921 - 1925)",
  "target-Party": "Democrat"
 },
 {
  "source-#": 30,
  "source-Governor": "Dan Moody",
  "source-Party": "Democratic",
  "target-Governor's Name": "Gov. Daniel J. Moody",
  "target-State": "Texas",
  "target-Time in Office": "(1927 - 1931)",
  "target-Party": "Democrat"
 },
 {
  "source-#": 31,
  "source-Governor": "Ross S. Sterling",
  "source-Party": "Democratic",
  "target-Governor's Name": "Gov. Ross S. Sterling",
  "target-State": "Texas",
  "target-Time in Office": "(1931 - 1933)",
  "target-Party": "Democrat"
 },
 {
  "source-#": 33,
  "source-Governor": "James V. Allred",
  "source-Party": "Democratic",
  "target-Governor's Name": "Gov. James V. Allred",
  "target-State": "Texas",
  "target-Time in Office": "(1935 - 1939)",
  "target-Party": "Democrat"
 },
 {
  "source-#": 34,
  "source-Governor": "W. Lee O'Daniel",
  "source-Party": "Democratic",
  "target-Governor's Name": "Gov. Wilbert Lee O'Daniel",
  "target-State": "Texas",
  "target-Time in Office": "(1939 - 1941)",
  "target-Party": "Democrat"
 },
 {
  "source-#": 35,
  "source-Governor": "Coke R. Stevenson",
  "source-Party": "Democratic",
  "target-Governor's Name": "Gov. Coke R. Stevenson",
  "target-State": "Texas",
  "target-Time in Office": "(1941 - 1947)",
  "target-Party": "Democrat"
 },
 {
  "source-#": 36,
  "source-Governor": "Beauford H. Jester",
  "source-Party": "Democratic",
  "target-Governor's Name": "Gov. Beauford Halbert Jester",
  "target-State": "Texas",
  "target-Time in Office": "(1947 - 1949)",
  "target-Party": "Democrat"
 },
 {
  "source-#": 37,
  "source-Governor": "Allan Shivers",
  "source-Party": "Democratic",
  "target-Governor's Name": "Gov. Allan Shivers",
  "target-State": "Texas",
  "target-Time in Office": "(1949 - 1957)",
  "target-Party": "Democrat"
 },
 {
  "source-#": 38,
  "source-Governor": "Price Daniel",
  "source-Party": "Democratic",
  "target-Governor's Name": "Gov. Price Daniel",
  "target-State": "Texas",
  "target-Time in Office": "(1957 - 1963)",
  "target-Party": "Democrat"
 },
 {
  "source-#": 39,
  "source-Governor": "John Connally",
  "source-Party": "Democratic",
  "target-Governor's Name": "Gov. John Bowden Connally",
  "target-State": "Texas",
  "target-Time in Office": "(1963 - 1969)",
  "target-Party": "Democrat"
 },
 {
  "source-#": 40,
  "source-Governor": "Preston Smith",
  "source-Party": "Democratic",
  "target-Governor's Name": "Gov. Preston Smith",
  "target-State": "Texas",
  "target-Time in Office": "(1969 - 1973)",
  "target-Party": "Democrat"
 },
 {
  "source-#": 41,
  "source-Governor": "Dolph Briscoe",
  "source-Party": "Democratic",
  "target-Governor's Name": "Gov. Dolph Briscoe",
  "target-State": "Texas",
  "target-Time in Office": "(1973 - 1979)",
  "target-Party": "Democrat"
 },
 {
  "source-#": 43,
  "source-Governor": "Mark White",
  "source-Party": "Democratic",
  "target-Governor's Name": "Gov. Mark White",
  "target-State": "Texas",
  "target-Time in Office": "(1983 - 1987)",
  "target-Party": "Democrat"
 },
 {
  "source-#": 45,
  "source-Governor": "Ann Richards",
  "source-Party": "Democratic",
  "target-Governor's Name": "Gov. Dorothy Ann Willis Richards",
  "target-State": "Texas",
  "target-Time in Office": "(1991 - 1995)",
  "target-Party": "Democrat"
 },
 {
  "source-#": 46,
  "source-Governor": "George W. Bush",
  "source-Party": "Republican",
  "target-Governor's Name": "Gov. George W. Bush",
  "target-State": "Texas",
  "target-Time in Office": "(1995 - 2000)",
  "target-Party": "Republican"
 },
 {
  "source-#": 47,
  "source-Governor": "Rick Perry",
  "source-Party": "Republican",
  "target-Governor's Name": "Gov. Rick Perry",
  "target-State": "Texas",
  "target-Time in Office": "(2000 - 2015)",
  "target-Party": "Republican"
 }
]