[
 {
  "source-OB": 1,
  "source-Name": "George Washington",
  "source-OP": 1,
  "source-Birthplace": "Pope&#39;s Creek",
  "source-State of Birth": "Virginia",
  "source-AP": 57,
  "target-President": "1. George Washington (1732-1799)",
  "target-Party": "None Federalist",
  "target-Term as President": "1789-1797",
  "target-Vice-President": "John Adams"
 },
 {
  "source-OB": 2,
  "source-Name": "John Adams",
  "source-Birth Name": "John Adams Jr",
  "source-OP": 2,
  "source-Birthplace": "Braintree",
  "source-State of Birth": "Massachusetts",
  "source-AP": 61,
  "target-President": "2. John Adams (1735-1826)",
  "target-Party": "Federalist",
  "target-Term as President": "1797-1801",
  "target-Vice-President": "Thomas Jefferson"
 },
 {
  "source-OB": 3,
  "source-Name": "Thomas Jefferson",
  "source-OP": 3,
  "source-Birthplace": "Goochland County",
  "source-State of Birth": "Virginia",
  "source-AP": 57,
  "target-President": "3. Thomas Jefferson (1743-1826)",
  "target-Party": "Democratic-Republican",
  "target-Term as President": "1801-1809",
  "target-Vice-President": "Aaron Burr George Clinton"
 },
 {
  "source-OB": 4,
  "source-Name": "James Madison",
  "source-Birth Name": "James Madison Jr",
  "source-OP": 4,
  "source-Birthplace": "Port Conway",
  "source-State of Birth": "Virginia",
  "source-AP": 57,
  "target-President": "4. James Madison (1751-1836)",
  "target-Party": "Democratic-Republican",
  "target-Term as President": "1809-1817",
  "target-Vice-President": "George Clinton Elbridge Gerry"
 },
 {
  "source-OB": 5,
  "source-Name": "James Monroe",
  "source-OP": 5,
  "source-Birthplace": "Monroe Hall",
  "source-State of Birth": "Virginia",
  "source-AP": 58,
  "target-President": "5. James Monroe (1758-1831)",
  "target-Party": "Democratic-Republican",
  "target-Term as President": "1817-1825",
  "target-Vice-President": "Daniel Tompkins"
 },
 {
  "source-OB": 7,
  "source-Name": "John Quincy Adams",
  "source-OP": 6,
  "source-Birthplace": "Braintree",
  "source-State of Birth": "Massachusetts",
  "source-AP": 57,
  "target-President": "6. John Quincy Adams (1767-1848)",
  "target-Party": "Democratic-Republican",
  "target-Term as President": "1825-1829",
  "target-Vice-President": "John Calhoun"
 },
 {
  "source-OB": 6,
  "source-Name": "Andrew Jackson",
  "source-OP": 7,
  "source-Birthplace": "Waxhaws Region",
  "source-State of Birth": "South\/North Carolina",
  "source-AP": 61,
  "target-President": "7. Andrew Jackson (1767-1845)",
  "target-Party": "Democrat",
  "target-Term as President": "1829-1837",
  "target-Vice-President": "John Calhoun Martin van Buren"
 },
 {
  "source-OB": 9,
  "source-Name": "Martin van Buren",
  "source-OP": 8,
  "source-Birthplace": "Kinderhook",
  "source-State of Birth": "New York",
  "source-AP": 54,
  "target-President": "8. Martin van Buren (1782-1862)",
  "target-Party": "Democrat",
  "target-Term as President": "1837-1841",
  "target-Vice-President": "Richard Johnson"
 },
 {
  "source-OB": 8,
  "source-Name": "William Henry Harrison",
  "source-OP": 9,
  "source-Birthplace": "Charles City County",
  "source-State of Birth": "Virginia",
  "source-AP": 68,
  "target-President": "9. William Henry Harrison (1773-1841)",
  "target-Party": "Whig",
  "target-Term as President": 1841,
  "target-Vice-President": "John Tyler"
 },
 {
  "source-OB": 11,
  "source-Name": "John Tyler",
  "source-Birth Name": "John Tyler Jr",
  "source-OP": 10,
  "source-Birthplace": "Charles City County",
  "source-State of Birth": "Virginia",
  "source-AP": 51,
  "target-President": "10. John Tyler (1790-1862)",
  "target-Party": "Whig",
  "target-Term as President": "1841-1845"
 },
 {
  "source-OB": 13,
  "source-Name": "James K. Polk",
  "source-Birth Name": "James Knox Polk",
  "source-OP": 11,
  "source-Birthplace": "Pineville",
  "source-State of Birth": "North Carolina",
  "source-AP": 49,
  "target-President": "11. James K. Polk (1795-1849)",
  "target-Party": "Democrat",
  "target-Term as President": "1845-1849",
  "target-Vice-President": "George Dallas"
 },
 {
  "source-OB": 10,
  "source-Name": "Zachary Taylor",
  "source-OP": 12,
  "source-Birthplace": "Barboursville",
  "source-State of Birth": "Virginia",
  "source-AP": 64,
  "target-President": "12. Zachary Taylor (1784-1850)",
  "target-Party": "Whig",
  "target-Term as President": "1849-1850",
  "target-Vice-President": "Millard Fillmore"
 },
 {
  "source-OB": 14,
  "source-Name": "Millard Fillmore",
  "source-OP": 13,
  "source-Birthplace": "Moravia",
  "source-State of Birth": "New York",
  "source-AP": 50,
  "target-President": "13. Millard Fillmore (1800-1874)",
  "target-Party": "Whig",
  "target-Term as President": "1850-1853"
 },
 {
  "source-OB": 15,
  "source-Name": "Franklin Pierce",
  "source-OP": 14,
  "source-Birthplace": "Hillsborough",
  "source-State of Birth": "New Hampshire",
  "source-AP": 48,
  "target-President": "14. Franklin Pierce (1804-1869)",
  "target-Party": "Democrat",
  "target-Term as President": "1853-1857",
  "target-Vice-President": "William King"
 },
 {
  "source-OB": 12,
  "source-Name": "James Buchanan",
  "source-Birth Name": "James Buchanan Jr",
  "source-OP": 15,
  "source-Birthplace": "Cove Gap",
  "source-State of Birth": "Pennsylvania",
  "source-AP": 65,
  "target-President": "15. James Buchanan (1791-1868)",
  "target-Party": "Democrat",
  "target-Term as President": "1857-1861",
  "target-Vice-President": "John Breckinridge"
 },
 {
  "source-OB": 17,
  "source-Name": "Abraham Lincoln",
  "source-OP": 16,
  "source-Birthplace": "Hardin County",
  "source-State of Birth": "Kentucky",
  "source-AP": 52,
  "target-President": "16. Abraham Lincoln (1809-1865)",
  "target-Party": "Republican",
  "target-Term as President": "1861-1865",
  "target-Vice-President": "Hannibal Hamlin Andrew Johnson"
 },
 {
  "source-OB": 16,
  "source-Name": "Andrew Johnson",
  "source-OP": 17,
  "source-Birthplace": "Raleigh",
  "source-State of Birth": "North Carolina",
  "source-AP": 56,
  "target-President": "17. Andrew Johnson (1808-1875)",
  "target-Party": "National Union",
  "target-Term as President": "1865-1869"
 },
 {
  "source-OB": 18,
  "source-Name": "Ulysses S. Grant",
  "source-Birth Name": "Hiram Ulysses Grant",
  "source-OP": 18,
  "source-Birthplace": "Point Pleasant",
  "source-State of Birth": "Ohio",
  "source-AP": 46,
  "target-President": "18. Ulysses S. Grant (1822-1885)",
  "target-Party": "Republican",
  "target-Term as President": "1869-1877",
  "target-Vice-President": "Schuyler Colfax"
 },
 {
  "source-OB": 19,
  "source-Name": "Rutherford B. Hayes",
  "source-Birth Name": "Rutherford Birchard Hayes",
  "source-OP": 19,
  "source-Birthplace": "Delaware",
  "source-State of Birth": "Ohio",
  "source-AP": 54,
  "target-President": "19. Rutherford B. Hayes (1822-1893)",
  "target-Party": "Republican",
  "target-Term as President": "1877-1881",
  "target-Vice-President": "William Wheeler"
 },
 {
  "source-OB": 21,
  "source-Name": "James A. Garfield",
  "source-Birth Name": "James Abram Garfield",
  "source-OP": 20,
  "source-Birthplace": "Moreland Hills",
  "source-State of Birth": "Ohio",
  "source-AP": 49,
  "target-President": "20. James A. Garfield (1831-1881)",
  "target-Party": "Republican",
  "target-Term as President": 1881,
  "target-Vice-President": "Chester Arthur"
 },
 {
  "source-OB": 20,
  "source-Name": "Chester A. Arthur",
  "source-Birth Name": "Chester Alan Arthur",
  "source-OP": 21,
  "source-Birthplace": "Fairfield",
  "source-State of Birth": "Vermont",
  "source-AP": 51,
  "target-President": "21. Chester A. Arthur (1829-1886)",
  "target-Party": "Republican",
  "target-Term as President": "1881-1885"
 },
 {
  "source-OB": 23,
  "source-Name": "Grover Cleveland",
  "source-Birth Name": "Stephen Grover Cleveland",
  "source-OP": 22,
  "source-Birthplace": "Caldwell",
  "source-State of Birth": "New Jersey",
  "source-AP": 47,
  "target-President": "22. Grover Cleveland (1837-1908)",
  "target-Party": "Democrat",
  "target-Term as President": "1885-1889",
  "target-Vice-President": "Thomas Hendriks"
 },
 {
  "source-OB": 22,
  "source-Name": "Benjamin Harrison",
  "source-OP": 23,
  "source-Birthplace": "North Bend",
  "source-State of Birth": "Ohio",
  "source-AP": 55,
  "target-President": "23. Benjamin Harrison (1833-1901)",
  "target-Party": "Republican",
  "target-Term as President": "1889-1893",
  "target-Vice-President": "Levi Morton"
 },
 {
  "source-OB": 23,
  "source-Name": "Grover Cleveland",
  "source-Birth Name": "Stephen Grover Cleveland",
  "source-OP": 24,
  "source-Birthplace": "Caldwell",
  "source-State of Birth": "New Jersey",
  "source-AP": 55,
  "target-President": "24. Grover Cleveland (1837-1908)",
  "target-Party": "Democrat",
  "target-Term as President": "1893-1897",
  "target-Vice-President": "Adlai Stevenson"
 },
 {
  "source-OB": 24,
  "source-Name": "William McKinley",
  "source-Birth Name": "William McKinley Jr",
  "source-OP": 25,
  "source-Birthplace": "Niles",
  "source-State of Birth": "Ohio",
  "source-AP": 54,
  "target-President": "25. William McKinley (1843-1901)",
  "target-Party": "Republican",
  "target-Term as President": "1897-1901",
  "target-Vice-President": "Garret Hobart Theodore Roosevelt"
 },
 {
  "source-OB": 27,
  "source-Name": "Theodore Roosevelt",
  "source-Birth Name": "Theodore Roosevelt Jr",
  "source-OP": 26,
  "source-Birthplace": "New York City",
  "source-State of Birth": "New York",
  "source-AP": 42,
  "target-President": "26. Theodore Roosevelt (1858-1919)",
  "target-Party": "Republican",
  "target-Term as President": "1901-1909",
  "target-Vice-President": "Charles Fairbanks"
 },
 {
  "source-OB": 26,
  "source-Name": "William Howard Taft",
  "source-OP": 27,
  "source-Birthplace": "Cincinnati",
  "source-State of Birth": "Ohio",
  "source-AP": 51,
  "target-President": "27. William Taft (1857-1930)",
  "target-Party": "Republican",
  "target-Term as President": "1909-1913",
  "target-Vice-President": "James Sherman"
 },
 {
  "source-OB": 25,
  "source-Name": "Woodrow Wilson",
  "source-Birth Name": "Thomas Woodrow Wilson",
  "source-OP": 28,
  "source-Birthplace": "Staunton",
  "source-State of Birth": "Virginia",
  "source-AP": 56,
  "target-President": "28. Woodrow Wilson (1856-1924)",
  "target-Party": "Democrat",
  "target-Term as President": "1913-1921",
  "target-Vice-President": "Thomas Marshall"
 },
 {
  "source-OB": 28,
  "source-Name": "Warren G. Harding",
  "source-Birth Name": "Warren Gamaliel Harding",
  "source-OP": 29,
  "source-Birthplace": "Blooming Grove",
  "source-State of Birth": "Ohio",
  "source-AP": 55,
  "target-President": "29. Warren G. Harding (1865-1923)",
  "target-Party": "Republican",
  "target-Term as President": "1921-1923",
  "target-Vice-President": "Calvin Coolidge"
 },
 {
  "source-OB": 29,
  "source-Name": "Calvin Coolidge",
  "source-Birth Name": "John Calvin Coolidge Jr",
  "source-OP": 30,
  "source-Birthplace": "Plymouth",
  "source-State of Birth": "Vermont",
  "source-AP": 51,
  "target-President": "30. Calvin Coolidge (1872-1933)",
  "target-Party": "Republican",
  "target-Term as President": "1923-1929",
  "target-Vice-President": "Charles Dawes"
 },
 {
  "source-OB": 30,
  "source-Name": "Herbert Hoover",
  "source-Birth Name": "Herbert Clark Hoover",
  "source-OP": 31,
  "source-Birthplace": "West Branch",
  "source-State of Birth": "Iowa",
  "source-AP": 54,
  "target-President": "31. Herbert C. Hoover (1874-1964)",
  "target-Party": "Republican",
  "target-Term as President": "1929-1933",
  "target-Vice-President": "Charles Curtis"
 },
 {
  "source-OB": 31,
  "source-Name": "Franklin D. Roosevelt",
  "source-Birth Name": "Franklin Delano Roosevelt",
  "source-OP": 32,
  "source-Birthplace": "Hyde Park",
  "source-State of Birth": "New York",
  "source-AP": 51,
  "target-President": "32. Franklin D. Roosevelt (1882-1945)",
  "target-Party": "Democrat",
  "target-Term as President": "1933-1945",
  "target-Vice-President": "John Garner Henry Wallace Harry S. Truman"
 },
 {
  "source-OB": 32,
  "source-Name": "Harry S. Truman",
  "source-OP": 33,
  "source-Birthplace": "Lamar",
  "source-State of Birth": "Missouri",
  "source-AP": 60,
  "target-President": "33. Harry S. Truman (1884-1972)",
  "target-Party": "Democrat",
  "target-Term as President": "1945-1953",
  "target-Vice-President": "Alben Barkley"
 },
 {
  "source-OB": 33,
  "source-Name": "Dwight D. Eisenhower",
  "source-Birth Name": "David Dwight Eisenhower",
  "source-OP": 34,
  "source-Birthplace": "Denison",
  "source-State of Birth": "Texas",
  "source-AP": 62,
  "target-President": "34. Dwight D. Eisenhower (1890-1969)",
  "target-Party": "Republican",
  "target-Term as President": "1953-1961",
  "target-Vice-President": "Richard Milhous Nixon"
 },
 {
  "source-OB": 38,
  "source-Name": "John F. Kennedy",
  "source-Birth Name": "John Fitzgerald Kennedy",
  "source-OP": 35,
  "source-Birthplace": "Brookline",
  "source-State of Birth": "Massachusetts",
  "source-AP": 43,
  "target-President": "35. John F. Kennedy (1917-1963)",
  "target-Party": "Democrat",
  "target-Term as President": "1961-1963",
  "target-Vice-President": "Lyndon Johnson"
 },
 {
  "source-OB": 34,
  "source-Name": "Lyndon B. Johnson",
  "source-Birth Name": "Lyndon Baines Johnson",
  "source-OP": 36,
  "source-Birthplace": "Stonewall",
  "source-State of Birth": "Texas",
  "source-AP": 55,
  "target-President": "36. Lyndon B. Johnson (1908-1973)",
  "target-Party": "Democrat",
  "target-Term as President": "1963-1969",
  "target-Vice-President": "Hubert Humphrey"
 },
 {
  "source-OB": 36,
  "source-Name": "Richard M. Nixon",
  "source-Birth Name": "Richard Milhous Nixon",
  "source-OP": 37,
  "source-Birthplace": "Yorba Linda",
  "source-State of Birth": "California",
  "source-AP": 56,
  "target-President": "37. Richard M. Nixon (1913-1994)",
  "target-Party": "Republican",
  "target-Term as President": "1969-1974",
  "target-Vice-President": "Spiro Agnew Gerald R. Ford"
 },
 {
  "source-OB": 37,
  "source-Name": "Gerald R. Ford",
  "source-Birth Name": "Leslie Lynch King Jr",
  "source-OP": 38,
  "source-Birthplace": "Omaha",
  "source-State of Birth": "Nebraska",
  "source-AP": 61,
  "target-President": "38. Gerald R. Ford (1913- 2006)",
  "target-Party": "Republican",
  "target-Term as President": "1974-1977",
  "target-Vice-President": "Nelson Rockefeller"
 },
 {
  "source-OB": 40,
  "source-Name": "Jimmy Carter",
  "source-Birth Name": "James Earl Carter Jr",
  "source-OP": 39,
  "source-Birthplace": "Plains",
  "source-State of Birth": "Georgia",
  "source-AP": 52,
  "target-President": "39. James Carter (1924-)",
  "target-Party": "Democrat",
  "target-Term as President": "1977-1981",
  "target-Vice-President": "Walter Mondale"
 },
 {
  "source-OB": 35,
  "source-Name": "Ronald Reagan",
  "source-Birth Name": "Ronald Wilson Reagan",
  "source-OP": 40,
  "source-Birthplace": "Tampico",
  "source-State of Birth": "Illinois",
  "source-AP": 69,
  "target-President": "40. Ronald W. Reagan (1911- 2004)",
  "target-Party": "Republican",
  "target-Term as President": "1981-1989",
  "target-Vice-President": "George H. W. Bush"
 },
 {
  "source-OB": 39,
  "source-Name": "George H. W. Bush",
  "source-Birth Name": "George Herbert Walker Bush",
  "source-OP": 41,
  "source-Birthplace": "Milton",
  "source-State of Birth": "Massachusetts",
  "source-AP": 64,
  "target-President": "41. George H. W. Bush (1924-)",
  "target-Party": "Republican",
  "target-Term as President": "1989-1993",
  "target-Vice-President": "James Danforth (Dan) Quayle"
 },
 {
  "source-OB": 42,
  "source-Name": "Bill Clinton",
  "source-Birth Name": "William Jefferson Blythe III",
  "source-OP": 42,
  "source-Birthplace": "Hope",
  "source-State of Birth": "Arkansas",
  "source-AP": 46,
  "target-President": "42. Bill Clinton (1946-)",
  "target-Party": "Democrat",
  "target-Term as President": "1993-2001",
  "target-Vice-President": "Al Gore"
 },
 {
  "source-OB": 41,
  "source-Name": "George W. Bush",
  "source-Birth Name": "George Walker Bush",
  "source-OP": 43,
  "source-Birthplace": "New Haven",
  "source-State of Birth": "Connecticut",
  "source-AP": 54,
  "target-President": "43. George W. Bush (1946-)",
  "target-Party": "Republican",
  "target-Term as President": "2001-2009",
  "target-Vice-President": "Richard Cheney"
 },
 {
  "source-OB": 43,
  "source-Name": "Barack Obama",
  "source-Birth Name": "Barack Hussein Obama II",
  "source-OP": 44,
  "source-Birthplace": "Honolulu",
  "source-State of Birth": "Hawaii",
  "source-AP": 47,
  "target-President": "44. Barack Obama (1961-)",
  "target-Party": "Democrat",
  "target-Term as President": "2009-",
  "target-Vice-President": "Joseph Biden"
 }
]