[
 {
  "source-№": 1,
  "source-President": "George Washington; February 22 1732 – December 14 1799; (aged 67);",
  "source-State": "Virginia",
  "source-Term of office": "April 30 1789; –; March 4 1797;",
  "source-Party": "Non-partisan;",
  "source-Previous office": "Commander-in-Chief; of the; Continental Army; (1775–1783)",
  "target-President": "1. George Washington (1732-1799)",
  "target-Party": "None Federalist",
  "target-Term as President": "1789-1797",
  "target-Vice-President": "John Adams"
 },
 {
  "source-№": 2,
  "source-President": "John Adams; October 30 1735 – July 4 1826; (aged 90);",
  "source-State": "Massachusetts",
  "source-Term of office": "March 4 1797; –; March 4 1801;",
  "source-Party": "Federalist",
  "source-Previous office": "1st; Vice President of the United States",
  "target-President": "2. John Adams (1735-1826)",
  "target-Party": "Federalist",
  "target-Term as President": "1797-1801",
  "target-Vice-President": "Thomas Jefferson"
 },
 {
  "source-№": 3,
  "source-President": "Thomas Jefferson; April 13 1743 – July 4 1826; (aged 83);",
  "source-State": "Virginia",
  "source-Term of office": "March 4 1801; –; March 4 1809;",
  "source-Party": "Democratic-; Republican",
  "source-Previous office": "2nd; Vice President of the United States",
  "target-President": "3. Thomas Jefferson (1743-1826)",
  "target-Party": "Democratic-Republican",
  "target-Term as President": "1801-1809",
  "target-Vice-President": "Aaron Burr George Clinton"
 },
 {
  "source-№": 4,
  "source-President": "James Madison; March 16 1751 – June 28 1836; (aged 85);",
  "source-State": "Virginia",
  "source-Term of office": "March 4 1809; –; March 4 1817;",
  "source-Party": "Democratic-; Republican",
  "source-Previous office": "5th; United States Secretary of State; (1801–1809)",
  "target-President": "4. James Madison (1751-1836)",
  "target-Party": "Democratic-Republican",
  "target-Term as President": "1809-1817",
  "target-Vice-President": "George Clinton Elbridge Gerry"
 },
 {
  "source-№": 5,
  "source-President": "James Monroe; April 28 1758 – July 4 1831; (aged 73);",
  "source-State": "Virginia",
  "source-Term of office": "March 4 1817; –; March 4 1825;",
  "source-Party": "Democratic-; Republican",
  "source-Previous office": "7th; United States Secretary of State; (1811–1817)",
  "target-President": "5. James Monroe (1758-1831)",
  "target-Party": "Democratic-Republican",
  "target-Term as President": "1817-1825",
  "target-Vice-President": "Daniel Tompkins"
 },
 {
  "source-№": 6,
  "source-President": "John Quincy Adams; July 11 1767 – February 23 1848; (aged 80);",
  "source-State": "Massachusetts",
  "source-Term of office": "March 4 1825; –; March 4 1829;",
  "source-Party": "Democratic-; Republican",
  "source-Previous office": "8th; United States Secretary of State; (1817–1825)",
  "target-President": "6. John Quincy Adams (1767-1848)",
  "target-Party": "Democratic-Republican",
  "target-Term as President": "1825-1829",
  "target-Vice-President": "John Calhoun"
 },
 {
  "source-№": 7,
  "source-President": "Andrew Jackson; March 15 1767 – June 8 1845; (aged 78);",
  "source-State": "Tennessee",
  "source-Term of office": "March 4 1829; –; March 4 1837;",
  "source-Party": "Democratic",
  "source-Previous office": "U.S. Senator from Tennessee; (1823–1825)",
  "target-President": "7. Andrew Jackson (1767-1845)",
  "target-Party": "Democrat",
  "target-Term as President": "1829-1837",
  "target-Vice-President": "John Calhoun Martin van Buren"
 },
 {
  "source-№": 8,
  "source-President": "Martin Van Buren; December 5 1782 – July 24 1862; (aged 79);",
  "source-State": "New York",
  "source-Term of office": "March 4 1837; –; March 4 1841;",
  "source-Party": "Democratic",
  "source-Previous office": "8th; Vice President of the United States",
  "target-President": "8. Martin van Buren (1782-1862)",
  "target-Party": "Democrat",
  "target-Term as President": "1837-1841",
  "target-Vice-President": "Richard Johnson"
 },
 {
  "source-№": 9,
  "source-President": "William Henry Harrison; February 9 1773 – April 4 1841; (aged 68);",
  "source-State": "Ohio",
  "source-Term of office": "March 4 1841; –; April 4 1841;",
  "source-Party": "Whig",
  "source-Previous office": "United States Minister to Colombia; (1828–1829)",
  "target-President": "9. William H. Harrison (1773-1841)",
  "target-Party": "Whig",
  "target-Term as President": 1841,
  "target-Vice-President": "John Tyler"
 },
 {
  "source-№": 10,
  "source-President": "John Tyler; March 29 1790 – January 18 1862; (aged 71);",
  "source-State": "Virginia",
  "source-Term of office": "April 4 1841; –; March 4 1845;",
  "source-Party": "Whig; April 4 1841 – September 13 1841",
  "source-Previous office": "10th; Vice President of the United States;",
  "target-President": "10. John Tyler (1790-1862)",
  "target-Party": "Whig",
  "target-Term as President": "1841-1845"
 },
 {
  "source-№": 10,
  "source-President": "John Tyler; March 29 1790 – January 18 1862; (aged 71);",
  "source-State": "Virginia",
  "source-Term of office": "April 4 1841; –; March 4 1845;",
  "source-Party": "Independent; September 13 1841 – March 4 1845;",
  "source-Previous office": "10th; Vice President of the United States;",
  "target-President": "10. John Tyler (1790-1862)",
  "target-Party": "Whig",
  "target-Term as President": "1841-1845"
 },
 {
  "source-№": 11,
  "source-President": "James K. Polk; November 2 1795 – June 15 1849; (aged 53);",
  "source-State": "Tennessee",
  "source-Term of office": "March 4 1845; –; March 4 1849;",
  "source-Party": "Democratic",
  "source-Previous office": "9th; Governor of Tennessee; (1839–1841)",
  "target-President": "11. James K. Polk (1795-1849)",
  "target-Party": "Democrat",
  "target-Term as President": "1845-1849",
  "target-Vice-President": "George Dallas"
 },
 {
  "source-№": 12,
  "source-President": "Zachary Taylor; November 24 1784 – July 9 1850; (aged 65);",
  "source-State": "Louisiana",
  "source-Term of office": "March 4 1849; –; July 9 1850;",
  "source-Party": "Whig",
  "source-Previous office": "Major General of the 1st Infantry Regiment; United States Army; (1846–1849)",
  "target-President": "12. Zachary Taylor (1784-1850)",
  "target-Party": "Whig",
  "target-Term as President": "1849-1850",
  "target-Vice-President": "Millard Fillmore"
 },
 {
  "source-№": 13,
  "source-President": "Millard Fillmore; January 7 1800 – March 8 1874; (aged 74);",
  "source-State": "New York",
  "source-Term of office": "July 9 1850; –; March 4 1853;",
  "source-Party": "Whig",
  "source-Previous office": "12th; Vice President of the United States",
  "target-President": "13. Millard Fillmore (1800-1874)",
  "target-Party": "Whig",
  "target-Term as President": "1850-1853"
 },
 {
  "source-№": 14,
  "source-President": "Franklin Pierce; November 23 1804 – October 8 1869; (aged 64);",
  "source-State": "New Hampshire",
  "source-Term of office": "March 4 1853; –; March 4 1857;",
  "source-Party": "Democratic",
  "source-Previous office": "Brigadier General of the 9th Infantry; United States Army; (1847–1848)",
  "target-President": "14. Franklin Pierce (1804-1869)",
  "target-Party": "Democrat",
  "target-Term as President": "1853-1857",
  "target-Vice-President": "William King"
 },
 {
  "source-№": 15,
  "source-President": "James Buchanan; April 23 1791 – June 1 1868; (aged 77);",
  "source-State": "Pennsylvania",
  "source-Term of office": "March 4 1857; –; March 4 1861;",
  "source-Party": "Democratic",
  "source-Previous office": "United States Minister to the; Court of St James&#39;s; (1853–1856)",
  "target-President": "15. James Buchanan (1791-1868)",
  "target-Party": "Democrat",
  "target-Term as President": "1857-1861",
  "target-Vice-President": "John Breckinridge"
 },
 {
  "source-№": 16,
  "source-President": "Abraham Lincoln; February 12 1809 – April 15 1865; (aged 56);",
  "source-State": "Illinois",
  "source-Term of office": "March 4 1861; –; April 15 1865;",
  "source-Party": "Republican",
  "source-Previous office": "U.S. Representative for Illinois&#39; 7th; (1847–1849)",
  "target-President": "16. Abraham Lincoln (1809-1865)",
  "target-Party": "Republican",
  "target-Term as President": "1861-1865",
  "target-Vice-President": "Hannibal Hamlin Andrew Johnson"
 },
 {
  "source-№": 16,
  "source-President": "Abraham Lincoln; February 12 1809 – April 15 1865; (aged 56);",
  "source-State": "Illinois",
  "source-Term of office": "March 4 1861; –; April 15 1865;",
  "source-Party": "Republican; National Union;",
  "source-Previous office": "U.S. Representative for Illinois&#39; 7th; (1847–1849)",
  "target-President": "16. Abraham Lincoln (1809-1865)",
  "target-Party": "Republican",
  "target-Term as President": "1861-1865",
  "target-Vice-President": "Hannibal Hamlin Andrew Johnson"
 },
 {
  "source-№": 17,
  "source-President": "Andrew Johnson; December 29 1808 – July 31 1875; (aged 66);",
  "source-State": "Tennessee",
  "source-Term of office": "April 15 1865; –; March 4 1869;",
  "source-Party": "Democratic; National Union; Not Affiliated;",
  "source-Previous office": "16th; Vice President of the United States",
  "target-President": "17. Andrew Johnson (1808-1875)",
  "target-Party": "National Union",
  "target-Term as President": "1865-1869"
 },
 {
  "source-№": 18,
  "source-President": "Ulysses S. Grant; April 27 1822 – July 23 1885; (aged 63);",
  "source-State": "Ohio",
  "source-Term of office": "March 4 1869; –; March 4 1877;",
  "source-Party": "Republican",
  "source-Previous office": "Commanding General of the U.S. Army; (1864–1869)",
  "target-President": "18. Ulysses S. Grant (1822-1885)",
  "target-Party": "Republican",
  "target-Term as President": "1869-1877",
  "target-Vice-President": "Schuyler Colfax"
 },
 {
  "source-№": 19,
  "source-President": "Rutherford B. Hayes; October 4 1822 – January 17 1893; (aged 70);",
  "source-State": "Ohio",
  "source-Term of office": "March 4 1877; –; March 4 1881;",
  "source-Party": "Republican",
  "source-Previous office": "32nd; Governor of Ohio; (1868–1872 1876–1877)",
  "target-President": "19. Rutherford Hayes (1822-1893)",
  "target-Party": "Republican",
  "target-Term as President": "1877-1881",
  "target-Vice-President": "William Wheeler"
 },
 {
  "source-№": 20,
  "source-President": "James A. Garfield; November 19 1831 – September 19 1881; (aged 49);",
  "source-State": "Ohio",
  "source-Term of office": "March 4 1881; –; September 19 1881;",
  "source-Party": "Republican",
  "source-Previous office": "U.S. Representative for Ohio&#39;s 19th; (1863–1881)",
  "target-President": "20. James Garfield (1831-1881)",
  "target-Party": "Republican",
  "target-Term as President": 1881,
  "target-Vice-President": "Chester Arthur"
 },
 {
  "source-№": 21,
  "source-President": "Chester A. Arthur; October 5 1829 – November 18 1886; (aged 57);",
  "source-State": "New York",
  "source-Term of office": "September 19 1881; –; March 4 1885;",
  "source-Party": "Republican",
  "source-Previous office": "20th; Vice President of the United States",
  "target-President": "21. Chester Arthur (1829-1886)",
  "target-Party": "Republican",
  "target-Term as President": "1881-1885"
 },
 {
  "source-№": 22,
  "source-President": "Grover Cleveland; March 18 1837 – June 24 1908; (aged 71);",
  "source-State": "New York",
  "source-Term of office": "March 4 1885; –; March 4 1889;",
  "source-Party": "Democratic",
  "source-Previous office": "28th; Governor of New York; (1883–1885)",
  "target-President": "22. Grover Cleveland (1837-1908)",
  "target-Party": "Democrat",
  "target-Term as President": "1885-1889",
  "target-Vice-President": "Thomas Hendriks"
 },
 {
  "source-№": 23,
  "source-President": "Benjamin Harrison; August 20 1833 – March 13 1901; (aged 67);",
  "source-State": "Indiana",
  "source-Term of office": "March 4 1889; –; March 4 1893;",
  "source-Party": "Republican",
  "source-Previous office": "U.S. Senator from Indiana; (1881–1887)",
  "target-President": "23. Benjamin Harrison (1833-1901)",
  "target-Party": "Republican",
  "target-Term as President": "1889-1893",
  "target-Vice-President": "Levi Morton"
 },
 {
  "source-№": 24,
  "source-President": "Grover Cleveland; March 18 1837 – June 24 1908; (aged 71);",
  "source-State": "New York",
  "source-Term of office": "March 4 1893; –; March 4 1897;",
  "source-Party": "Democratic",
  "source-Previous office": "22nd; President of the United States; (1885–1889)",
  "target-President": "24. Grover Cleveland (1837-1908)",
  "target-Party": "Democrat",
  "target-Term as President": "1893-1897",
  "target-Vice-President": "Adlai Stevenson"
 },
 {
  "source-№": 25,
  "source-President": "William McKinley; January 29 1843 – September 14 1901; (aged 58);",
  "source-State": "Ohio",
  "source-Term of office": "March 4 1897; –; September 14 1901;",
  "source-Party": "Republican",
  "source-Previous office": "39th; Governor of Ohio; (1892–1896)",
  "target-President": "25. William McKinley (1843-1901)",
  "target-Party": "Republican",
  "target-Term as President": "1897-1901",
  "target-Vice-President": "Garret Hobart Theodore Roosevelt"
 },
 {
  "source-№": 26,
  "source-President": "Theodore Roosevelt; October 27 1858 – January 6 1919; (aged 60);",
  "source-State": "New York",
  "source-Term of office": "September 14 1901; –; March 4 1909;",
  "source-Party": "Republican",
  "source-Previous office": "25th; Vice President of the United States",
  "target-President": "26. Theodore Roosevelt (1858-1919)",
  "target-Party": "Republican",
  "target-Term as President": "1901-1909",
  "target-Vice-President": "Charles Fairbanks"
 },
 {
  "source-№": 27,
  "source-President": "William Howard Taft; September 15 1857 – March 8 1930; (aged 72);",
  "source-State": "Ohio",
  "source-Term of office": "March 4 1909; –; March 4 1913;",
  "source-Party": "Republican",
  "source-Previous office": "42nd; United States Secretary of War; (1904–1908)",
  "target-President": "27. William Taft (1857-1930)",
  "target-Party": "Republican",
  "target-Term as President": "1909-1913",
  "target-Vice-President": "James Sherman"
 },
 {
  "source-№": 28,
  "source-President": "Woodrow Wilson; December 28 1856 – February 3 1924; (aged 67);",
  "source-State": "New Jersey",
  "source-Term of office": "March 4 1913; –; March 4 1921;",
  "source-Party": "Democratic",
  "source-Previous office": "34th; Governor of New Jersey; (1911–1913)",
  "target-President": "28. Woodrow Wilson (1856-1924)",
  "target-Party": "Democrat",
  "target-Term as President": "1913-1921",
  "target-Vice-President": "Thomas Marshall"
 },
 {
  "source-№": 29,
  "source-President": "Warren G. Harding; November 2 1865 – August 2 1923; (aged 57);",
  "source-State": "Ohio",
  "source-Term of office": "March 4 1921; –; August 2 1923;",
  "source-Party": "Republican",
  "source-Previous office": "U.S. Senator from Ohio; (1915–1921)",
  "target-President": "29. Warren Harding (1865-1923)",
  "target-Party": "Republican",
  "target-Term as President": "1921-1923",
  "target-Vice-President": "Calvin Coolidge"
 },
 {
  "source-№": 30,
  "source-President": "Calvin Coolidge; July 4 1872 – January 5 1933; (aged 60);",
  "source-State": "Massachusetts",
  "source-Term of office": "August 2 1923; –; March 4 1929;",
  "source-Party": "Republican",
  "source-Previous office": "29th; Vice President of the United States",
  "target-President": "30. Calvin Coolidge (1872-1933)",
  "target-Party": "Republican",
  "target-Term as President": "1923-1929",
  "target-Vice-President": "Charles Dawes"
 },
 {
  "source-№": 31,
  "source-President": "Herbert Hoover; August 10 1874 – October 20 1964; (aged 90);",
  "source-State": "Iowa",
  "source-Term of office": "March 4 1929; –; March 4 1933;",
  "source-Party": "Republican",
  "source-Previous office": "3rd; United States Secretary of Commerce; (1921–1928)",
  "target-President": "31. Herbert C. Hoover (1874-1964)",
  "target-Party": "Republican",
  "target-Term as President": "1929-1933",
  "target-Vice-President": "Charles Curtis"
 },
 {
  "source-№": 32,
  "source-President": "Franklin D. Roosevelt; January 30 1882 – April 12 1945; (aged 63);",
  "source-State": "New York",
  "source-Term of office": "March 4 1933; –; April 12 1945;",
  "source-Party": "Democratic",
  "source-Previous office": "44th; Governor of New York; (1929–1932)",
  "target-President": "32. Franklin Delano Roosevelt (1882-1945)",
  "target-Party": "Democrat",
  "target-Term as President": "1933-1945",
  "target-Vice-President": "John Garner Henry Wallace Harry S. Truman"
 },
 {
  "source-№": 33,
  "source-President": "Harry S. Truman; May 8 1884 – December 26 1972; (aged 88);",
  "source-State": "Missouri",
  "source-Term of office": "April 12 1945; –; January 20 1953;",
  "source-Party": "Democratic",
  "source-Previous office": "34th; Vice President of the United States",
  "target-President": "33. Harry S Truman (1884-1972)",
  "target-Party": "Democrat",
  "target-Term as President": "1945-1953",
  "target-Vice-President": "Alben Barkley"
 },
 {
  "source-№": 34,
  "source-President": "Dwight D. Eisenhower; October 14 1890 – March 28 1969; (aged 78);",
  "source-State": "Kansas",
  "source-Term of office": "January 20 1953; –; January 20 1961;",
  "source-Party": "Republican",
  "source-Previous office": "Supreme Allied Commander Europe; (1949–1952)",
  "target-President": "34. Dwight David Eisenhower (1890-1969)",
  "target-Party": "Republican",
  "target-Term as President": "1953-1961",
  "target-Vice-President": "Richard Milhous Nixon"
 },
 {
  "source-№": 35,
  "source-President": "John F. Kennedy; May 29 1917 – November 22 1963; (aged 46);",
  "source-State": "Massachusetts",
  "source-Term of office": "January 20 1961; –; November 22 1963;",
  "source-Party": "Democratic",
  "source-Previous office": "U.S. Senator from Massachusetts; (1953–1960)",
  "target-President": "35. John Fitzgerald Kennedy (1917-1963)",
  "target-Party": "Democrat",
  "target-Term as President": "1961-1963",
  "target-Vice-President": "Lyndon Johnson"
 },
 {
  "source-№": 36,
  "source-President": "Lyndon B. Johnson; August 27 1908 – January 22 1973; (aged 64);",
  "source-State": "Texas",
  "source-Term of office": "November 22 1963; –; January 20 1969;",
  "source-Party": "Democratic",
  "source-Previous office": "37th; Vice President of the United States",
  "target-President": "36. Lyndon Baines Johnson (1908-1973)",
  "target-Party": "Democrat",
  "target-Term as President": "1963-1969",
  "target-Vice-President": "Hubert Humphrey"
 },
 {
  "source-№": 37,
  "source-President": "Richard Nixon; January 9 1913 – April 22 1994; (aged 81);",
  "source-State": "California",
  "source-Term of office": "January 20 1969; –; August 9 1974;",
  "source-Party": "Republican",
  "source-Previous office": "36th; Vice President of the United States; (1953–1961)",
  "target-President": "37. Richard Milhous Nixon (1913-1994)",
  "target-Party": "Republican",
  "target-Term as President": "1969-1974",
  "target-Vice-President": "Spiro Agnew Gerald R. Ford"
 },
 {
  "source-№": 38,
  "source-President": "Gerald Ford; July 14 1913 – December 26 2006; (aged 93);",
  "source-State": "Michigan",
  "source-Term of office": "August 9 1974; –; January 20 1977;",
  "source-Party": "Republican",
  "source-Previous office": "40th; Vice President of the United States",
  "target-President": "38. Gerald R. Ford (1913- 2006)",
  "target-Party": "Republican",
  "target-Term as President": "1974-1977",
  "target-Vice-President": "Nelson Rockefeller"
 },
 {
  "source-№": 39,
  "source-President": "Jimmy Carter; Born: October 1 1924 (age 91);",
  "source-State": "Georgia",
  "source-Term of office": "January 20 1977; –; January 20 1981;",
  "source-Party": "Democratic",
  "source-Previous office": "76th; Governor of Georgia; (1971–1975)",
  "target-President": "39. James (Jimmy) Earl Carter Jr. (1924-)",
  "target-Party": "Democrat",
  "target-Term as President": "1977-1981",
  "target-Vice-President": "Walter Mondale"
 },
 {
  "source-№": 40,
  "source-President": "Ronald Reagan; February 6 1911 – June 5 2004; (aged 93);",
  "source-State": "California",
  "source-Term of office": "January 20 1981; –; January 20 1989;",
  "source-Party": "Republican",
  "source-Previous office": "33rd; Governor of California; (1967–1975)",
  "target-President": "40. Ronald Wilson Reagan (1911- 2004)",
  "target-Party": "Republican",
  "target-Term as President": "1981-1989",
  "target-Vice-President": "George H. W. Bush"
 },
 {
  "source-№": 41,
  "source-President": "George H. W. Bush; Born: June 12 1924 (age 91);",
  "source-State": "Texas",
  "source-Term of office": "January 20 1989; –; January 20 1993;",
  "source-Party": "Republican",
  "source-Previous office": "43rd; Vice President of the United States",
  "target-President": "41. George H. W. Bush (1924-)",
  "target-Party": "Republican",
  "target-Term as President": "1989-1993",
  "target-Vice-President": "James Danforth (Dan) Quayle"
 },
 {
  "source-№": 42,
  "source-President": "Bill Clinton; Born: August 19 1946 (age 69);",
  "source-State": "Arkansas",
  "source-Term of office": "January 20 1993; –; January 20 2001;",
  "source-Party": "Democratic",
  "source-Previous office": "40th &amp; 42nd; Governor of Arkansas; (1979–1981 1983–1992)",
  "target-President": "42. William (Bill) Jefferson Clinton (1946-)",
  "target-Party": "Democrat",
  "target-Term as President": "1993-2001",
  "target-Vice-President": "Al Gore"
 },
 {
  "source-№": 43,
  "source-President": "George W. Bush; Born: July 6 1946 (age 69);",
  "source-State": "Texas",
  "source-Term of office": "January 20 2001; –; January 20 2009;",
  "source-Party": "Republican",
  "source-Previous office": "46th; Governor of Texas; (1995–2000)",
  "target-President": "43. George W. Bush (1946-)",
  "target-Party": "Republican",
  "target-Term as President": "2001-2009",
  "target-Vice-President": "Richard Cheney"
 },
 {
  "source-№": 44,
  "source-President": "Barack Obama; Born: August 4 1961 (age 54);",
  "source-State": "Illinois",
  "source-Term of office": "January 20 2009; –; Incumbent;",
  "source-Party": "Democratic",
  "source-Previous office": "U.S. Senator from Illinois; (2005–2008)",
  "target-President": "44. Barack Obama (1961-)",
  "target-Party": "Democrat",
  "target-Term as President": "2009-",
  "target-Vice-President": "Joseph Biden"
 }
]