[
 {
  "source-No": 1,
  "source-Song": "White Christmas",
  "source-Artist": "Bing Crosby",
  "target-column 1": 22,
  "target-column 2": "White Christmas - Bing Crosby"
 },
 {
  "source-No": 2,
  "source-Song": "The Chipmunk Song",
  "source-Artist": "The Chipmunks",
  "target-column 1": 7,
  "target-column 2": "The Chipmunk Song (Christmas Don't Be Late) - Alvin And The Chipmunks"
 },
 {
  "source-No": 3,
  "source-Song": "Rudolph The Red Nosed Reindeer",
  "source-Artist": "Gene Autry",
  "target-column 1": 16,
  "target-column 2": "Rudolph The Red Nosed Reindeer - Gene Autry"
 },
 {
  "source-No": 5,
  "source-Song": "Jingle Bell Rock",
  "source-Artist": "Bobby Helms",
  "target-column 1": 9,
  "target-column 2": "Jingle Bell Rock - Bobby Helms"
 },
 {
  "source-No": 6,
  "source-Song": "The Christmas Song",
  "source-Artist": "Nat King Cole",
  "target-column 1": 2,
  "target-column 2": "The Christmas Song (Merry Christmas To You) - Nat King Cole"
 },
 {
  "source-No": 7,
  "source-Song": "Snoopy's Christmas",
  "source-Artist": "The Royal Guardsmen",
  "target-column 1": 63,
  "target-column 2": "Snoopy's Christmas - The Royal Guardsmen"
 },
 {
  "source-No": 11,
  "source-Song": "Rockin' Around The Christmas Tree",
  "source-Artist": "Brenda Lee",
  "target-column 1": 4,
  "target-column 2": "Rocking Around The Christmas Tree - Brenda Lee"
 },
 {
  "source-No": 13,
  "source-Song": "Baby's First Christmas",
  "source-Artist": "Connie Francis",
  "target-column 1": 94,
  "target-column 2": "Baby's First Christmas - Connie Francis"
 },
 {
  "source-No": 14,
  "source-Song": "Santa Claus Is Coming To Town",
  "source-Artist": "Bruce Springsteen",
  "target-column 1": 3,
  "target-column 2": "Santa Claus Is Coming To Town - Bruce Springsteen"
 },
 {
  "source-No": 15,
  "source-Song": "Home For The Holidays",
  "source-Artist": "Perry Como",
  "target-column 1": 19,
  "target-column 2": "Home For The Holidays - Perry Como"
 },
 {
  "source-No": 17,
  "source-Song": "Do They Know It's Christmas",
  "source-Artist": "Band Aid",
  "target-column 1": 61,
  "target-column 2": "Do They Know It's Christmas - Band Aid"
 },
 {
  "source-No": 18,
  "source-Song": "Happy Christmas (War is Over)",
  "source-Artist": "John Lennon and Yoko Ono",
  "target-column 1": 23,
  "target-column 2": "Happy XMas - Plastic Ono Band (John Lennon)"
 },
 {
  "source-No": 20,
  "source-Song": "Grandma Got Run Over By A Reindeer",
  "source-Artist": "Elmo and Patsy",
  "target-column 1": 45,
  "target-column 2": "Grandma Got Run Over By A Reindeer - Elmo and Patsy"
 },
 {
  "source-No": 22,
  "source-Song": "Jingle Bells",
  "source-Artist": "Singing Dogs",
  "target-column 1": 97,
  "target-column 2": "Jingle Bells - The Singing Dogs"
 },
 {
  "source-No": 24,
  "source-Song": "Merry Christmas Darling",
  "source-Artist": "The Carpenters",
  "target-column 1": 54,
  "target-column 2": "Merry Christmas Darling - The Carpenters"
 },
 {
  "source-No": 24,
  "source-Song": "Merry Christmas Darling",
  "source-Artist": "The Carpenters",
  "target-column 1": 10,
  "target-column 2": "Merry Christmas Darling - The Carpenters"
 },
 {
  "source-No": 25,
  "source-Song": "Little St. Nick",
  "source-Artist": "The Beach Boys",
  "target-column 1": 17,
  "target-column 2": "Little Saint Nick - Beach Boys"
 },
 {
  "source-No": 28,
  "source-Song": "Feliz Navidad",
  "source-Artist": "José Feliciano",
  "target-column 1": 62,
  "target-column 2": "Feliz Navidad - Jose Feliciano"
 },
 {
  "source-No": 29,
  "source-Song": "Santa Baby",
  "source-Artist": "Eartha Kitt",
  "target-column 1": 30,
  "target-column 2": "Santa Baby - Madonna (or Eartha Kitt)"
 },
 {
  "source-No": 31,
  "source-Song": "Blue Christmas",
  "source-Artist": "Elvis Presley",
  "target-column 1": 37,
  "target-column 2": "Blue Christmas - Elvis Presley"
 },
 {
  "source-No": 32,
  "source-Song": "Run Rudolph Run",
  "source-Artist": "Chuck Berry",
  "target-column 1": 26,
  "target-column 2": "Run Rudolf Run - Chuck Berry"
 },
 {
  "source-No": 35,
  "source-Song": "Wonderful Christmastime",
  "source-Artist": "Paul McCartney",
  "target-column 1": 25,
  "target-column 2": "Wonderful Christmastime - Paul McCartney"
 },
 {
  "source-No": 36,
  "source-Song": "Step Into Christmas",
  "source-Artist": "Elton John",
  "target-column 1": 50,
  "target-column 2": "Step Into Christmas - Elton John"
 },
 {
  "source-No": 39,
  "source-Song": "Please Come Home For Christmas",
  "source-Artist": "The Eagles",
  "target-column 1": 27,
  "target-column 2": "Please Come Home For Christmas - Eagles"
 },
 {
  "source-No": 42,
  "source-Song": "Holly Jolly Christmas",
  "source-Artist": "Burl Ives",
  "target-column 1": 15,
  "target-column 2": "A Holly Jolly Christmas - Burl Ives"
 },
 {
  "source-No": 43,
  "source-Song": "Give Love on Christmas Day",
  "source-Artist": "The Jackson Five",
  "target-column 1": 33,
  "target-column 2": "Give Love on Christmas Day - The Jackson Five"
 },
 {
  "source-No": 45,
  "source-Song": "White Christmas",
  "source-Artist": "The Drifters",
  "target-column 1": 24,
  "target-column 2": "White Christmas - The Drifters"
 },
 {
  "source-No": 47,
  "source-Song": "Gee Whiz It's Christmas",
  "source-Artist": "Carla Thomas",
  "target-column 1": 84,
  "target-column 2": "Gee Whiz It's Christmas - Carla Thomas"
 },
 {
  "source-No": 51,
  "source-Song": "Christmas (Baby Please Come Home)",
  "source-Artist": "Darlene Love",
  "target-column 1": 43,
  "target-column 2": "Christmas (Baby Please Come Home) - Darlene Love"
 },
 {
  "source-No": 53,
  "source-Song": "What Christmas Means To Me",
  "source-Artist": "Stevie Wonder",
  "target-column 1": 85,
  "target-column 2": "What Christmas Means To Me - Stevie Wonder"
 },
 {
  "source-No": 64,
  "source-Song": "Have Yourself A Merry Little Christmas",
  "source-Artist": "Frank Sinatra",
  "target-column 1": 82,
  "target-column 2": "Have Yourself A Merry Little Christmas - Frank Sinatra"
 },
 {
  "source-No": 67,
  "source-Song": "Peace on Earth\/Little Drummer Boy",
  "source-Artist": "David Bowie and Bing Crosby",
  "target-column 1": 35,
  "target-column 2": "Peace on Earth\/Little Drummer Boy - David Bowie and Bing Crosby"
 },
 {
  "source-No": 75,
  "source-Song": "Last Christmas",
  "source-Artist": "George Michael & Wham",
  "target-column 1": 6,
  "target-column 2": "Last Christmas - Wham!"
 },
 {
  "source-No": 77,
  "source-Song": "We Wish You The Merriest",
  "source-Artist": "Bing Crosby & Frank Sinatra",
  "target-column 1": 90,
  "target-column 2": "We Wish You The Merriest - Bing Crosby & Frank Sinatra"
 },
 {
  "source-No": 80,
  "source-Song": "This Christmas",
  "source-Artist": "Donny Hathaway",
  "target-column 1": 39,
  "target-column 2": "This Christmas - Donny Hathaway"
 },
 {
  "source-No": 88,
  "source-Song": "Parade of The Wooden Soldiers",
  "source-Artist": "The Crystals",
  "target-column 1": 78,
  "target-column 2": "Parade of The Wooden Soldiers - The Crystals"
 },
 {
  "source-No": 95,
  "source-Song": "I Saw Mommy Kissing Santa Claus",
  "source-Artist": "The Ronettes",
  "target-column 1": 59,
  "target-column 2": "I Saw Mommy Kissing Santa Claus - The Ronettes"
 },
 {
  "source-No": 96,
  "source-Song": "I Believe in Father Christmas",
  "source-Artist": "Greg Lake",
  "target-column 1": 92,
  "target-column 2": "I Believe In Father Christmas - Greg Lake"
 },
 {
  "source-No": 97,
  "source-Song": "Someday At Christmas",
  "source-Artist": "Stevie Wonder",
  "target-column 1": 80,
  "target-column 2": "Someday At Christmas - Stevie Wonder"
 }
]