[
 {
  "source-Title": "(There's No Place Like) Home for the Holidays",
  "source-Artist": "Perry Como",
  "source-Year": 1954,
  "source-Additional Information": "Featuring accompaniment by Mitchell Ayres' orchestra and the Ray Charles Singers. Peaked at No. 8 on",
  "target-column 1": 19,
  "target-column 2": "Home For The Holidays - Perry Como"
 },
 {
  "source-Title": "A Great Big Sled",
  "source-Artist": "The Killers",
  "source-Year": 2006,
  "source-Additional Information": "Reached No. 54 on the Billboard Hot 100",
  "target-column 1": 73,
  "target-column 2": "A Great Big Sled - The Killers"
 },
 {
  "source-Title": "A Holly Jolly Christmas",
  "source-Artist": "Burl Ives",
  "source-Year": 1964,
  "source-Additional Information": "Peaked at No. 13 on Billboard's Christmas Singles chart in December 1964 and charted again on the s",
  "target-column 1": 15,
  "target-column 2": "A Holly Jolly Christmas - Burl Ives"
 },
 {
  "source-Title": "A New York Christmas",
  "source-Artist": "Rob Thomas",
  "source-Year": 2003,
  "source-Additional Information": "Peaked at No. 22 on Billboard's Hot 100 Singles Sales chart in December 2003",
  "target-column 1": 93,
  "target-column 2": "A New York Christmas - Rob Thomas"
 },
 {
  "source-Title": "All I Want for Christmas Is You (3)",
  "source-Artist": "Mariah Carey",
  "source-Year": 1994,
  "source-Additional Information": "Peaked at No. 12 on Billboard's Hot 100 Airplay chart and No. 6 on Billboard's Adult Contemporary Tr",
  "target-column 1": 1,
  "target-column 2": "All I Want For Christmas Is You - Mariah Carey"
 },
 {
  "source-Title": "Baby's First Christmas",
  "source-Artist": "Connie Francis",
  "source-Year": 1961,
  "source-Additional Information": "Peaked at No. 7 on Billboard's Middle-Road Singles chart No. 24 on the Billboard Hot 100 singles ch",
  "target-column 1": 94,
  "target-column 2": "Baby's First Christmas - Connie Francis"
 },
 {
  "source-Title": "Believe",
  "source-Artist": "Josh Groban",
  "source-Year": 2004,
  "source-Additional Information": "Peaked at No. 1 for five weeks on the Billboard Hot Adult Contemporary Tracks chart and \"Bubbled un",
  "target-column 1": 95,
  "target-column 2": "Believe - Josh Groban"
 },
 {
  "source-Title": "Believe",
  "source-Artist": "Josh Groban",
  "source-Year": 2004,
  "source-Additional Information": "Peaked at No. 1 for five weeks on the Billboard Hot Adult Contemporary Tracks chart and \"Bubbled un",
  "target-column 1": 95,
  "target-column 2": "Believe - Josh Groban"
 },
 {
  "source-Title": "Christmas (Baby Please Come Home)",
  "source-Artist": "Darlene Love",
  "source-Year": 1963,
  "source-Additional Information": "Featured on the classic 1963 holiday album A Christmas Gift for You from Phil Spector. Written by Ph",
  "target-column 1": 43,
  "target-column 2": "Christmas (Baby Please Come Home) - Darlene Love"
 },
 {
  "source-Title": "Christmas (Baby Please Come Home)",
  "source-Artist": "Darlene Love",
  "source-Year": 1963,
  "source-Additional Information": "Featured on the classic 1963 holiday album A Christmas Gift for You from Phil Spector. Written by Ph",
  "target-column 1": 43,
  "target-column 2": "Christmas (Baby Please Come Home) - Darlene Love"
 },
 {
  "source-Title": "Christmas All Over Again",
  "source-Artist": "Tom Petty and the Heartbreakers",
  "source-Year": 1992,
  "source-Additional Information": "From the 1992 film Home Alone 2: Lost in New York",
  "target-column 1": 47,
  "target-column 2": "Christmas All Over Again - Tom Petty and the Heartbreakers"
 },
 {
  "source-Title": "Christmas Canon",
  "source-Artist": "Trans-Siberian Orchestra",
  "source-Year": 1998,
  "source-Additional Information": "Chord progression is based on that of Pachelbel's Canon in D major",
  "target-column 1": 28,
  "target-column 2": "Christmas Canon - Trans Siberian Orchestra"
 },
 {
  "source-Title": "Christmas in Dixie",
  "source-Artist": "Alabama",
  "source-Year": 1982,
  "source-Additional Information": "The original version featured Alabama wishing you \"Merry Christmas\" near the end of the song. Lead s",
  "target-column 1": 76,
  "target-column 2": "Christmas in Dixie - Alabama"
 },
 {
  "source-Title": "Christmas is the Time to Say 'I Love You'",
  "source-Artist": "Billy Squier",
  "source-Year": 1981,
  "source-Additional Information": "Originally released as the B-side of Squier's 1981 single \"My Kinda Lover\"",
  "target-column 1": 36,
  "target-column 2": "Christmas Is The Time To Say I Love You - Billy Squire"
 },
 {
  "source-Title": "Christmas Lights",
  "source-Artist": "Coldplay",
  "source-Year": 2010,
  "source-Additional Information": "Digital download track that peaked at No. 25 on the Billboard Hot 100 and No. 12 on the Billboard Ho",
  "target-column 1": 100,
  "target-column 2": "Christmas Lights - Coldplay"
 },
 {
  "source-Title": "Christmas Time (1)",
  "source-Artist": "Bryan Adams",
  "source-Year": 1985,
  "source-Additional Information": "A different picture sleeve was issued in 1986. Peaked at No. 4 on the Billboard Christmas singles ch",
  "target-column 1": 64,
  "target-column 2": "Christmas Time - Bryan Adams"
 },
 {
  "source-Title": "Christmas Time (1)",
  "source-Artist": "Bryan Adams",
  "source-Year": 1985,
  "source-Additional Information": "A different picture sleeve was issued in 1986. Peaked at No. 4 on the Billboard Christmas singles ch",
  "target-column 1": 64,
  "target-column 2": "Christmas Time - Bryan Adams"
 },
 {
  "source-Title": "Christmas Wrapping",
  "source-Artist": "The Waitresses",
  "source-Year": 1981,
  "source-Additional Information": "First appeared on the various artists holiday compilation album A Christmas Record on ZE Records in",
  "target-column 1": 11,
  "target-column 2": "Christmas Wrapping - The Waitresses"
 },
 {
  "source-Title": "Do They Know It's Christmas?",
  "source-Artist": "Band Aid",
  "source-Year": 1984,
  "source-Additional Information": "A benefit recording by an all-star group to assist famine relief in Ethiopia; organized by Bob Geldo",
  "target-column 1": 61,
  "target-column 2": "Do They Know It's Christmas - Band Aid"
 },
 {
  "source-Title": "Feliz Navidad",
  "source-Artist": "José Feliciano",
  "source-Year": 1970,
  "source-Additional Information": "The best-known version of the best-known Spanish-language Christmas song written by Feliciano. Made",
  "target-column 1": 62,
  "target-column 2": "Feliz Navidad - Jose Feliciano"
 },
 {
  "source-Title": "Gee Whiz It's Christmas",
  "source-Artist": "Carla Thomas",
  "source-Year": 1963,
  "source-Additional Information": "Follow-up to Carla's 1961 top 10 pop and R&B hit \"Gee Whiz (Look at His Eyes)\"",
  "target-column 1": 84,
  "target-column 2": "Gee Whiz It's Christmas - Carla Thomas"
 },
 {
  "source-Title": "Give Love on Christmas Day",
  "source-Artist": "The Jackson 5",
  "source-Year": 1970,
  "source-Additional Information": "Also a R&B hit for Johnny Gill in 1998",
  "target-column 1": 33,
  "target-column 2": "Give Love on Christmas Day - The Jackson Five"
 },
 {
  "source-Title": "Grandma Got Run Over by a Reindeer",
  "source-Artist": "Elmo & Patsy",
  "source-Year": 1979,
  "source-Additional Information": "Written by Randy Brooks. Originally recorded in 1979 new versions were released in 1982 and 1984. T",
  "target-column 1": 45,
  "target-column 2": "Grandma Got Run Over By A Reindeer - Elmo and Patsy"
 },
 {
  "source-Title": "Happy Xmas (War Is Over)",
  "source-Artist": "John and Yoko and The Plastic Ono Band with the Harlem Community Choir",
  "source-Year": 1971,
  "source-Additional Information": "Written by John Lennon and Yoko Ono. Later covered by Melissa Etheridge in 1994 The Polyphonic Spre",
  "target-column 1": 23,
  "target-column 2": "Happy XMas - Plastic Ono Band (John Lennon)"
 },
 {
  "source-Title": "Hey Santa!",
  "source-Artist": "Carnie and Wendy Wilson",
  "source-Year": 1993,
  "source-Additional Information": "Bubbled under the Hot 100 in 1994. From the album Hey Santa!",
  "target-column 1": 66,
  "target-column 2": "Hey Santa! - Carnie And Wendy Wilson"
 },
 {
  "source-Title": "I Believe in Father Christmas",
  "source-Artist": "Greg Lake",
  "source-Year": 1975,
  "source-Additional Information": "Written by Greg Lake and Peter Sinfield. Peaked at number 2 on the Official Singles Chart (behind Qu",
  "target-column 1": 92,
  "target-column 2": "I Believe In Father Christmas - Greg Lake"
 },
 {
  "source-Title": "I Want a Hippopotamus for Christmas",
  "source-Artist": "Gayla Peevey",
  "source-Year": 1953,
  "source-Additional Information": "Written by John Rox. The original 1953 version by Gayla Peevey features orchestration by Norman Leyd",
  "target-column 1": 69,
  "target-column 2": "I Want a Hippopotamus for Christmas- Gayle Peevey"
 },
 {
  "source-Title": "I Wish Everyday Could Be Like Christmas",
  "source-Artist": "Jon Bon Jovi",
  "source-Year": 1992,
  "source-Additional Information": "B-side to the Bon Jovi song \"Keep the Faith\". Also replaced \"Back Door Santa\" on later pressings of",
  "target-column 1": 44,
  "target-column 2": "I Wish Everyday Could Be Like Christmas - Jon Bon Jovi"
 },
 {
  "source-Title": "Jingle Bell Rock",
  "source-Artist": "Bobby Helms",
  "source-Year": 1957,
  "source-Additional Information": "Featuring backing vocals by the Anita Kerr Singers. Written by Joe Beale and Jim Boothe. Later hit v",
  "target-column 1": 9,
  "target-column 2": "Jingle Bell Rock - Bobby Helms"
 },
 {
  "source-Title": "Last Christmas",
  "source-Artist": "Wham!",
  "source-Year": 1984,
  "source-Additional Information": "Written by George Michael and first released in late 1984 when it reached No. 2 on the UK singles c",
  "target-column 1": 6,
  "target-column 2": "Last Christmas - Wham!"
 },
 {
  "source-Title": "Little Saint Nick",
  "source-Artist": "The Beach Boys",
  "source-Year": 1963,
  "source-Additional Information": "Reached No. 3 on the Billboard Christmas singles chart in 1963. Covered by Hanson (1997) Sugar Ray",
  "target-column 1": 17,
  "target-column 2": "Little Saint Nick - Beach Boys"
 },
 {
  "source-Title": "Merry Christmas (I Don't Want to Fight Tonight)",
  "source-Artist": "The Ramones",
  "source-Year": 1987,
  "source-Additional Information": "B-side of single \"I Wanna Live\"",
  "target-column 1": 56,
  "target-column 2": "Merry Christmas (I Don't Want To Fight) - The Ramones"
 },
 {
  "source-Title": "Merry Christmas Darling",
  "source-Artist": "The Carpenters",
  "source-Year": 1970,
  "source-Additional Information": "Re-recorded for their 1978 holiday album Christmas Portrait",
  "target-column 1": 10,
  "target-column 2": "Merry Christmas Darling - The Carpenters"
 },
 {
  "source-Title": "Merry Christmas Darling",
  "source-Artist": "The Carpenters",
  "source-Year": 1970,
  "source-Additional Information": "Re-recorded for their 1978 holiday album Christmas Portrait",
  "target-column 1": 54,
  "target-column 2": "Merry Christmas Darling - The Carpenters"
 },
 {
  "source-Title": "Merry Christmas Darling",
  "source-Artist": "The Carpenters",
  "source-Year": 1970,
  "source-Additional Information": "Re-recorded for their 1978 holiday album Christmas Portrait",
  "target-column 1": 54,
  "target-column 2": "Merry Christmas Darling - The Carpenters"
 },
 {
  "source-Title": "Merry Christmas Happy Holidays",
  "source-Artist": "N Sync",
  "source-Year": 1998,
  "source-Additional Information": "Hit the Top 40 Mainstream chart in 1999",
  "target-column 1": 42,
  "target-column 2": "Merry Christmas Happy Holidays - NSYNC"
 },
 {
  "source-Title": "My Only Wish (This Year)",
  "source-Artist": "Britney Spears",
  "source-Year": 2000,
  "target-column 1": 88,
  "target-column 2": "My Only Wish (This Year) - Britney Spears"
 },
 {
  "source-Title": "O Come All Ye Faithful",
  "source-Artist": "Twisted Sister",
  "source-Year": 2006,
  "source-Additional Information": "Performed in the style of their hit \"We're Not Gonna Take It\" while staying faithful to the carol's",
  "target-column 1": 77,
  "target-column 2": "Oh Come All Ye Faithful - Twisted Sister"
 },
 {
  "source-Title": "Peace on Earth\/Little Drummer Boy",
  "source-Artist": "David Bowie & Bing Crosby",
  "source-Year": 1982,
  "source-Additional Information": "Peaked at No. 43 on Billboard's Hot 100 Singles Sales chart in January 2003 (also charted on the sam",
  "target-column 1": 35,
  "target-column 2": "Peace on Earth\/Little Drummer Boy - David Bowie and Bing Crosby"
 },
 {
  "source-Title": "Redneck 12 Days of Christmas",
  "source-Artist": "Jeff Foxworthy",
  "source-Year": 1995,
  "source-Additional Information": "Peaked at No. 18 on Billboard's Hot Country Singles & Tracks chart in January 1996. Parody of the tr",
  "target-column 1": 98,
  "target-column 2": "Redneck 12 Days Of Christmas - Jeff Foxworthy"
 },
 {
  "source-Title": "Rock and Roll Christmas",
  "source-Artist": "George Thorogood & the Destroyers",
  "source-Year": 1983,
  "target-column 1": 29,
  "target-column 2": "Rock and Roll Christmas - George Thorogood"
 },
 {
  "source-Title": "Rock and Roll Christmas",
  "source-Artist": "George Thorogood & the Destroyers",
  "source-Year": 1983,
  "target-column 1": 29,
  "target-column 2": "Rock and Roll Christmas - George Thorogood"
 },
 {
  "source-Title": "Rockin' Around the Christmas Tree",
  "source-Artist": "Brenda Lee",
  "source-Year": 1958,
  "source-Additional Information": "Peaked at No. 14 on the Billboard Hot 100 singles chart on the week of January 1 1961. Written by J",
  "target-column 1": 4,
  "target-column 2": "Rocking Around The Christmas Tree - Brenda Lee"
 },
 {
  "source-Title": "Run Rudolph Run",
  "source-Artist": "Chuck Berry",
  "source-Year": 1958,
  "source-Additional Information": "Peaked at No. 69 on the Billboard Hot 100 singles chart in December 1958. The B-side of Berry's orig",
  "target-column 1": 26,
  "target-column 2": "Run Rudolf Run - Chuck Berry"
 },
 {
  "source-Title": "Santa Baby",
  "source-Artist": "Eartha Kitt with Henri Rene & His Orchestra",
  "source-Year": 1953,
  "source-Additional Information": "Written by Tony Springer Phil Springer & Joan Javits. In 1954 Eartha Kitt recorded a new version o",
  "target-column 1": 30,
  "target-column 2": "Santa Baby - Madonna (or Eartha Kitt)"
 },
 {
  "source-Title": "Snoopy's Christmas",
  "source-Artist": "The Royal Guardsmen",
  "source-Year": 1967,
  "source-Additional Information": "The third in a series of \"Snoopy vs. The Red Baron\" songs by the group. Reached No. 10 in Cashbox's",
  "target-column 1": 63,
  "target-column 2": "Snoopy's Christmas - The Royal Guardsmen"
 },
 {
  "source-Title": "Someday at Christmas",
  "source-Artist": "Stevie Wonder",
  "source-Year": 1966,
  "source-Additional Information": "Peaked at No. 24 on Billboard's Christmas Singles chart in December 1966. A version by Mary J. Blige",
  "target-column 1": 80,
  "target-column 2": "Someday At Christmas - Stevie Wonder"
 },
 {
  "source-Title": "Step Into Christmas",
  "source-Artist": "Elton John",
  "source-Year": 1973,
  "source-Additional Information": "The B-side is another holiday tune by Elton titled \"Ho Ho Ho (Who'd Be a Turkey at Christmas)\". The",
  "target-column 1": 50,
  "target-column 2": "Step Into Christmas - Elton John"
 },
 {
  "source-Title": "Thank God It's Christmas",
  "source-Artist": "Queen",
  "source-Year": 1984,
  "target-column 1": 41,
  "target-column 2": "Thank God It's Christmas - Queen"
 },
 {
  "source-Title": "The Chipmunk Song (Christmas Don't Be Late)",
  "source-Artist": "The Chipmunks",
  "source-Year": 1958,
  "source-Additional Information": "Spent four weeks at No. 1 on the Billboard Hot 100 singles chart in December 1958 and reached No. 5",
  "target-column 1": 7,
  "target-column 2": "The Chipmunk Song (Christmas Don't Be Late) - Alvin And The Chipmunks"
 },
 {
  "source-Title": "The Christmas Shoes",
  "source-Artist": "NewSong",
  "source-Year": 2000,
  "source-Additional Information": "Spent one week at No. 1 on the Billboard Adult Contemporary chart and also peaked at No. 42 on the",
  "target-column 1": 21,
  "target-column 2": "The Christmas Shoes - Newsong"
 },
 {
  "source-Title": "The Christmas Song (Merry Christmas to You)",
  "source-Artist": "The King Cole Trio",
  "source-Year": 1946,
  "source-Additional Information": "Written in 1944 by Mel Tormé and Robert Wells (Tormé's solo recording was also a hit). Also someti",
  "target-column 1": 2,
  "target-column 2": "The Christmas Song (Merry Christmas To You) - Nat King Cole"
 },
 {
  "source-Title": "This Christmas",
  "source-Artist": "Donny Hathaway",
  "source-Year": 1970,
  "source-Additional Information": "Peaked at No. 11 on Billboard's Christmas Singles chart in December 1972 (first released as a single",
  "target-column 1": 39,
  "target-column 2": "This Christmas - Donny Hathaway"
 },
 {
  "source-Title": "We Need a Little Christmas",
  "source-Artist": "Angela Lansbury and Cast",
  "source-Year": 1966,
  "source-Additional Information": "From the original Broadway cast recording Mame. Other hit versions that same year were by Percy Fai",
  "target-column 1": 48,
  "target-column 2": "We Need A Little Christmas - Angela Lansbury"
 },
 {
  "source-Title": "What Christmas Means to Me",
  "source-Artist": "Stevie Wonder",
  "source-Year": 1967,
  "source-Additional Information": "From the album Someday at Christmas. Later versions were recorded by Paul Young (1992) Hanson (1997",
  "target-column 1": 85,
  "target-column 2": "What Christmas Means To Me - Stevie Wonder"
 },
 {
  "source-Title": "Where Are You Christmas?",
  "source-Artist": "Faith Hill",
  "source-Year": 2000,
  "source-Additional Information": "Peaked at No. 10 Billboard's Adult Contemporary chart No. 26 on Billboard's Hot Country Singles & T",
  "target-column 1": 13,
  "target-column 2": "Where Are You Christmas - Faith Hill"
 },
 {
  "source-Title": "White Christmas",
  "source-Artist": "Bing Crosby",
  "source-Year": 1942,
  "source-Additional Information": "Spent eleven weeks at No. 1 on Billboard's National Best Selling Retail Records chart and three week",
  "target-column 1": 22,
  "target-column 2": "White Christmas - Bing Crosby"
 },
 {
  "source-Title": "Wizards in Winter",
  "source-Artist": "Trans-Siberian Orchestra",
  "source-Year": 2004,
  "source-Additional Information": "Peaked at No. 18 on Billboard's Hot Adult Contemporary Tracks chart in January 2005. Taken from the",
  "target-column 1": 68,
  "target-column 2": "Wizards of Winter - Trans Siberian Orchestra"
 },
 {
  "source-Title": "Wonderful Christmastime",
  "source-Artist": "Paul McCartney",
  "source-Year": 1979,
  "source-Additional Information": "Appeared in the Cashbox magazine top 100 in its initial year of release. Peaked at No. 10 on Billboa",
  "target-column 1": 25,
  "target-column 2": "Wonderful Christmastime - Paul McCartney"
 }
]