[
 {
  "source-Governor": "George Clinton; July 26 1739 – April 20 1812; (aged 72)",
  "source-Term of office": "July 30 1777; –; June 30 1795",
  "source-Party": "Democratic–; Republican",
  "target-#": 1,
  "target-Name (Tenure)": "George Clinton (1777 - 1795)",
  "target-Party": "Democratic-Republican"
 },
 {
  "source-Governor": "John Jay; December 23 1745 – May 17 1829; (aged 83)",
  "source-Term of office": "July 1 1795; –; June 30 1801",
  "source-Party": "Federalist",
  "target-#": 2,
  "target-Name (Tenure)": "John Jay (1795 - 1801)",
  "target-Party": "Federalist"
 },
 {
  "source-Governor": "George Clinton; July 26 1739 – April 20 1812; (aged 72)",
  "source-Term of office": "July 1 1801; –; June 30 1804",
  "source-Party": "Democratic-; Republican",
  "target-#": 3,
  "target-Name (Tenure)": "George Clinton (1801 - 1804)",
  "target-Party": "Democratic-Republican"
 },
 {
  "source-Governor": "Morgan Lewis; October 16 1754 – April 7 1844; (aged 89)",
  "source-Term of office": "July 1 1804; –; June 30 1807",
  "source-Party": "Democratic-; Republican",
  "target-#": 4,
  "target-Name (Tenure)": "Morgan Lewis (1804 - 1807)",
  "target-Party": "Democratic-Republican"
 },
 {
  "source-Governor": "Daniel D. Tompkins; June 21 1774 – June 11 1825; (aged 50)",
  "source-Term of office": "July 1 1807; –; February 24 1817",
  "source-Party": "Democratic-; Republican;",
  "target-#": 5,
  "target-Name (Tenure)": "Daniel D. Tompkins (1807 - 1817)",
  "target-Party": "Jeffersonian-Republican"
 },
 {
  "source-Governor": "John Tayler; July 4 1742 – March 19 1829; (aged 96); (Acting)",
  "source-Term of office": "February 24 1817; –; June 30 1817",
  "source-Party": "Democratic-; Republican",
  "target-#": 6,
  "target-Name (Tenure)": "John Tayler (1817 - 1817)",
  "target-Party": "Democratic-Republican"
 },
 {
  "source-Governor": "DeWitt Clinton; March 2 1769 – February 11 1828; (aged 58)",
  "source-Term of office": "July 1 1817; –; December 31 1822",
  "source-Party": "Democratic-; Republican",
  "target-#": 7,
  "target-Name (Tenure)": "Dewitt Clinton (1817 - 1822)",
  "target-Party": "Democratic-Republican"
 },
 {
  "source-Governor": "Joseph C. Yates; November 9 1768 – March 19 1837; (aged 68)",
  "source-Term of office": "January 1 1823; –; December 31 1824",
  "source-Party": "Democratic-; Republican",
  "target-#": 8,
  "target-Name (Tenure)": "Joseph C. Yates (1823 - 1825)",
  "target-Party": "Jeffersonian Republican"
 },
 {
  "source-Governor": "DeWitt Clinton; March 2 1769 – February 11 1828; (aged 58)",
  "source-Term of office": "January 1 1825; –; February 11 1828",
  "source-Party": "Democratic-; Republican",
  "target-#": 9,
  "target-Name (Tenure)": "Dewitt Clinton (1825 - 1828)",
  "target-Party": "Democratic-Republican"
 },
 {
  "source-Governor": "Nathaniel Pitcher; November 30 1777 – May 25 1836; (aged 58)",
  "source-Term of office": "February 11 1828; –; December 31 1828",
  "source-Party": "Democratic-; Republican",
  "target-#": 10,
  "target-Name (Tenure)": "Nathaniel Pitcher (1828 - 1828)",
  "target-Party": "Democratic-Republican"
 },
 {
  "source-Governor": "Martin Van Buren; December 5 1782 – July 24 1862; (aged 79)",
  "source-Term of office": "January 1 1829; –; March 12 1829",
  "source-Party": "Democratic",
  "target-#": 11,
  "target-Name (Tenure)": "Martin Van Buren (1829)",
  "target-Party": "Jeffersonian-Republican"
 },
 {
  "source-Governor": "Enos T. Throop; August 21 1784 – November 1 1874; (aged 90)",
  "source-Term of office": "March 12 1829; –; December 31 1832",
  "source-Party": "Democratic",
  "target-#": 12,
  "target-Name (Tenure)": "Enos T. Throop (1829 - 1832)",
  "target-Party": "Jeffersonian-Republican"
 },
 {
  "source-Governor": "William L. Marcy; December 12 1786 – July 4 1857; (aged 70)",
  "source-Term of office": "January 1 1833; –; December 31 1838",
  "source-Party": "Democratic",
  "target-#": 13,
  "target-Name (Tenure)": "William L. Marcy (1833 - 1838)",
  "target-Party": "Jeffersonian Republican"
 },
 {
  "source-Governor": "William H. Seward; May 16 1801 – October 10 1872; (aged 71)",
  "source-Term of office": "January 1 1839; –; December 31 1842",
  "source-Party": "Whig",
  "target-#": 14,
  "target-Name (Tenure)": "William H. Seward (1839 - 1842)",
  "target-Party": "Whig"
 },
 {
  "source-Governor": "William C. Bouck; January 7 1786 – April 19 1859; (aged 73)",
  "source-Term of office": "January 1 1843; –; December 31 1844",
  "source-Party": "Democratic",
  "target-#": 15,
  "target-Name (Tenure)": "William C. Bouck (1843 - 1844)",
  "target-Party": "Democratic"
 },
 {
  "source-Governor": "Silas Wright; May 24 1795 – August 27 1847; (aged 52)",
  "source-Term of office": "January 1 1845; –; December 31 1846",
  "source-Party": "Democratic",
  "target-#": 16,
  "target-Name (Tenure)": "Silas Wright (1845 - 1846)",
  "target-Party": "Democratic"
 },
 {
  "source-Governor": "John Young; June 12 1802 – April 23 1852; (aged 49)",
  "source-Term of office": "January 1 1847; –; December 31 1848",
  "source-Party": "Whig",
  "target-#": 17,
  "target-Name (Tenure)": "John Young (1847 - 1848)",
  "target-Party": "Whig"
 },
 {
  "source-Governor": "Hamilton Fish; August 3 1808 – September 7 1893; (aged 85)",
  "source-Term of office": "January 1 1849; –; December 31 1850",
  "source-Party": "Whig",
  "target-#": 18,
  "target-Name (Tenure)": "Hamilton Fish (1849 - 1850)",
  "target-Party": "Whig"
 },
 {
  "source-Governor": "Washington Hunt; August 5 1811 – February 2 1867; (aged 55)",
  "source-Term of office": "January 1 1851; –; December 31 1852",
  "source-Party": "Whig",
  "target-#": 19,
  "target-Name (Tenure)": "Washington Hunt (1851 - 1852)",
  "target-Party": "Democratic"
 },
 {
  "source-Governor": "Horatio Seymour; May 31 1810 – February 12 1886; (aged 75)",
  "source-Term of office": "January 1 1853; –; December 31 1854",
  "source-Party": "Democratic",
  "target-#": 20,
  "target-Name (Tenure)": "Horatio Seymour (1853 - 1854)",
  "target-Party": "Democratic"
 },
 {
  "source-Governor": "Myron H. Clark; October 23 1806 – August 23 1892; (aged 85)",
  "source-Term of office": "January 1 1855; –; December 31 1856",
  "source-Party": "Whig (fusion)",
  "target-#": 21,
  "target-Name (Tenure)": "Myron H. Clark (1855 - 1856)",
  "target-Party": "Republican"
 },
 {
  "source-Governor": "John Alsop King; January 3 1788 – July 7 1867; (aged 79)",
  "source-Term of office": "January 1 1857; –; December 31 1858",
  "source-Party": "Republican",
  "target-#": 22,
  "target-Name (Tenure)": "John Alsop King (1857 - 1858)",
  "target-Party": "Republican"
 },
 {
  "source-Governor": "Edwin D. Morgan; February 8 1811 – February 14 1883; (aged 72)",
  "source-Term of office": "January 1 1859; –; December 31 1862",
  "source-Party": "Republican",
  "target-#": 23,
  "target-Name (Tenure)": "Edwin D. Morgan (1859 - 1862)",
  "target-Party": "Republican"
 },
 {
  "source-Governor": "Horatio Seymour; May 31 1810 – February 12 1886; (aged 75)",
  "source-Term of office": "January 1 1863; –; December 31 1864",
  "source-Party": "Democratic",
  "target-#": 24,
  "target-Name (Tenure)": "Horatio Seymour (1863 - 1864)",
  "target-Party": "Democratic"
 },
 {
  "source-Governor": "Reuben Fenton; July 4 1819 – August 25 1885; (aged 66)",
  "source-Term of office": "January 1 1865; –; December 31 1868",
  "source-Party": "Union",
  "target-#": 25,
  "target-Name (Tenure)": "Reuben Eaton Fenton (1865 - 1868)",
  "target-Party": "Union"
 },
 {
  "source-Governor": "John Thompson Hoffman; January 10 1828 – March 24 1888; (aged 60)",
  "source-Term of office": "January 1 1869; –; December 31 1872",
  "source-Party": "Democratic",
  "target-#": 26,
  "target-Name (Tenure)": "John Thompson Hoffman (1869 - 1872)",
  "target-Party": "Democratic"
 },
 {
  "source-Governor": "John Adams Dix; July 24 1798 – April 21 1879; (aged 80)",
  "source-Term of office": "January 1 1873; –; December 31 1874",
  "source-Party": "Republican",
  "target-#": 27,
  "target-Name (Tenure)": "John Adams Dix (1872 - 1873)",
  "target-Party": "Republican"
 },
 {
  "source-Governor": "Samuel J. Tilden; February 9 1814 – August 4 1886; (aged 72)",
  "source-Term of office": "January 1 1875; –; December 31 1876",
  "source-Party": "Democratic",
  "target-#": 28,
  "target-Name (Tenure)": "Samuel J. Tilden (1875 - 1876)",
  "target-Party": "Democratic"
 },
 {
  "source-Governor": "Lucius Robinson; November 4 1810 – March 23 1891; (aged 80)",
  "source-Term of office": "January 1 1877; –; December 31 1879",
  "source-Party": "Democratic",
  "target-#": 29,
  "target-Name (Tenure)": "Lucius Robinson (1877 - 1879)",
  "target-Party": "Democratic"
 },
 {
  "source-Governor": "Alonzo B. Cornell; January 22 1832 – October 15 1904; (aged 72)",
  "source-Term of office": "January 1 1880; –; December 31 1882",
  "source-Party": "Republican",
  "target-#": 30,
  "target-Name (Tenure)": "Alonzo B. Cornell (1880 - 1883)",
  "target-Party": "Republican"
 },
 {
  "source-Governor": "Grover Cleveland; March 18 1837 – June 24 1908; (aged 71)",
  "source-Term of office": "January 1 1883; –; January 6 1885",
  "source-Party": "Democratic",
  "target-#": 31,
  "target-Name (Tenure)": "Grover Cleveland (1883 - 1885)",
  "target-Party": "Democratic"
 },
 {
  "source-Governor": "David B. Hill; August 29 1843 – October 20 1910; (aged 67)",
  "source-Term of office": "January 6 1885; –; December 31 1891",
  "source-Party": "Democratic",
  "target-#": 32,
  "target-Name (Tenure)": "David B. Hill (1885 - 1891)",
  "target-Party": "Democratic"
 },
 {
  "source-Governor": "Roswell P. Flower; August 7 1835 – May 12 1899; (aged 63)",
  "source-Term of office": "January 1 1892; –; December 31 1894",
  "source-Party": "Democratic",
  "target-#": 33,
  "target-Name (Tenure)": "Roswell P. Flower (1892 - 1894)",
  "target-Party": "Democratic"
 },
 {
  "source-Governor": "Frank S. Black; March 8 1853 – March 22 1913; (aged 60)",
  "source-Term of office": "January 1 1897; –; December 31 1898",
  "source-Party": "Republican",
  "target-#": 34,
  "target-Name (Tenure)": "Frank S. Black (1897 - 1898)",
  "target-Party": "Republican"
 },
 {
  "source-Governor": "Theodore Roosevelt; October 27 1858 – January 6 1919; (aged 60)",
  "source-Term of office": "January 1 1899; –; December 31 1900",
  "source-Party": "Republican",
  "target-#": 35,
  "target-Name (Tenure)": "Theodore Roosevelt (1899 - 1900)",
  "target-Party": "Republican"
 },
 {
  "source-Governor": "Benjamin Barker Odell; January 14 1854 – May 9 1926; (aged 72)",
  "source-Term of office": "January 1 1901; –; December 31 1904",
  "source-Party": "Republican",
  "target-#": 36,
  "target-Name (Tenure)": "Benjamin Baker Odell (1901 - 1904)",
  "target-Party": "Republican"
 },
 {
  "source-Governor": "Frank W. Higgins; August 18 1856 – February 12 1907; (aged 50",
  "source-Term of office": "January 1 1905; –; December 31 1906",
  "source-Party": "Republican",
  "target-#": 37,
  "target-Name (Tenure)": "Francis Wayland Higgins (1905 - 1906)",
  "target-Party": "Republican"
 },
 {
  "source-Governor": "Charles Evans Hughes; April 11 1862 – August 27 1948; (aged 86)",
  "source-Term of office": "January 1 1907; –; October 6 1910",
  "source-Party": "Republican",
  "target-#": 38,
  "target-Name (Tenure)": "Charles Evans Hughes (1907 - 1910)",
  "target-Party": "Republican"
 },
 {
  "source-Governor": "Horace White; October 7 1865 – November 27 1943; (aged 78)",
  "source-Term of office": "October 6 1910; –; December 31 1910",
  "source-Party": "Republican",
  "target-#": 39,
  "target-Name (Tenure)": "Horace White (1910 - 1910)",
  "target-Party": "Republican"
 },
 {
  "source-Governor": "John Alden Dix; December 25 1860 – April 9 1928; (aged 67)",
  "source-Term of office": "January 1 1911; –; December 31 1912",
  "source-Party": "Democratic",
  "target-#": 40,
  "target-Name (Tenure)": "John Alden Dix (1910 - 1912)",
  "target-Party": "Democratic"
 },
 {
  "source-Governor": "William Sulzer; March 18 1863 – November 6 1941; (aged 78)",
  "source-Term of office": "January 1 1913; –; October 17 1913",
  "source-Party": "Democratic",
  "target-#": 41,
  "target-Name (Tenure)": "William Sulzer (1913 - 1913)",
  "target-Party": "Democratic"
 },
 {
  "source-Governor": "Martin H. Glynn; September 27 1871 – December 14 1924; (aged 53)",
  "source-Term of office": "October 17 1913; –; December 31 1914",
  "source-Party": "Democratic",
  "target-#": 42,
  "target-Name (Tenure)": "Martin Henry Glynn (1913 - 1914)",
  "target-Party": "Democratic"
 },
 {
  "source-Governor": "Charles S. Whitman; September 29 1868 – March 29 1947; (aged 78)",
  "source-Term of office": "January 1 1915; –; December 31 1918",
  "source-Party": "Republican",
  "target-#": 43,
  "target-Name (Tenure)": "Charles Seymour Whitman (1915 - 1918)",
  "target-Party": "Republican"
 },
 {
  "source-Governor": "Al Smith; December 30 1873 – October 4 1944; (aged 70)",
  "source-Term of office": "January 1 1919; –; December 31 1920",
  "source-Party": "Democratic",
  "target-#": 44,
  "target-Name (Tenure)": "Alfred Emanuel Smith (1919 - 1920)",
  "target-Party": "Democratic"
 },
 {
  "source-Governor": "Nathan L. Miller; October 10 1868 – June 26 1953; (aged 84)",
  "source-Term of office": "January 1 1921; –; December 31 1922",
  "source-Party": "Republican",
  "target-#": 45,
  "target-Name (Tenure)": "Nathan L. Miller (1921 - 1922)",
  "target-Party": "Republican"
 },
 {
  "source-Governor": "Al Smith; December 30 1873 – October 4 1944; (aged 70)",
  "source-Term of office": "January 1 1923; –; December 31 1928",
  "source-Party": "Democratic",
  "target-#": 46,
  "target-Name (Tenure)": "Alfred Emanuel Smith (1923 - 1928)",
  "target-Party": "Democratic"
 },
 {
  "source-Governor": "Franklin D. Roosevelt; January 30 1882 – April 12 1945; (aged 63)",
  "source-Term of office": "January 1 1929; –; December 31 1932",
  "source-Party": "Democratic",
  "target-#": 47,
  "target-Name (Tenure)": "Franklin Delano Roosevelt (1929 - 1932)",
  "target-Party": "Democratic"
 },
 {
  "source-Governor": "Herbert H. Lehman; March 28 1878 – December 5 1963; (aged 85)",
  "source-Term of office": "January 1 1933; –; December 3 1942",
  "source-Party": "Democratic",
  "target-#": 48,
  "target-Name (Tenure)": "Herbert Henry Lehman (1933 - 1942)",
  "target-Party": "Democratic"
 },
 {
  "source-Governor": "Charles Poletti; July 2 1903 – August 8 2002; (aged 99)",
  "source-Term of office": "December 3 1942; –; December 31 1942",
  "source-Party": "Democratic",
  "target-#": 49,
  "target-Name (Tenure)": "Charles Poletti (1942 - 1942)",
  "target-Party": "Democratic"
 },
 {
  "source-Governor": "Thomas Dewey; March 24 1902 – March 16 1971; (aged 68)",
  "source-Term of office": "January 1 1943; –; December 31 1954",
  "source-Party": "Republican",
  "target-#": 50,
  "target-Name (Tenure)": "Thomas Edmund Dewey (1943 - 1954)",
  "target-Party": "Republican"
 },
 {
  "source-Governor": "W. Averell Harriman; November 15 1891 – July 26 1986; (aged 94)",
  "source-Term of office": "January 1 1955; –; December 31 1958",
  "source-Party": "Democratic",
  "target-#": 51,
  "target-Name (Tenure)": "William Averell Harriman (1955 - 1958)",
  "target-Party": "Democratic"
 },
 {
  "source-Governor": "Nelson Rockefeller; July 8 1908 – January 26 1979; (aged 70)",
  "source-Term of office": "January 1 1959; –; December 18 1973",
  "source-Party": "Republican",
  "target-#": 52,
  "target-Name (Tenure)": "Nelson Aldrich Rockefeller (1959 - 1973)",
  "target-Party": "Republican"
 },
 {
  "source-Governor": "Malcolm Wilson; February 26 1914 – March 13 2000; (aged 86)",
  "source-Term of office": "December 18 1973; –; December 31 1974",
  "source-Party": "Republican",
  "target-#": 53,
  "target-Name (Tenure)": "Malcolm Wilson (1973 - 1974)",
  "target-Party": "Republican"
 },
 {
  "source-Governor": "Hugh Carey; April 11 1919 – August 7 2011; (aged 92)",
  "source-Term of office": "January 1 1975; –; December 31 1982",
  "source-Party": "Democratic",
  "target-#": 54,
  "target-Name (Tenure)": "Hugh Leo Carey (1974 - 1982)",
  "target-Party": "Democratic"
 },
 {
  "source-Governor": "Mario Cuomo; June 15 1932 – January 1 2015; (aged 82)",
  "source-Term of office": "January 1 1983; –; December 31 1994",
  "source-Party": "Democratic",
  "target-#": 55,
  "target-Name (Tenure)": "Mario Matthew Cuomo (1983 - 1994)",
  "target-Party": "Democratic"
 },
 {
  "source-Governor": "George Pataki; June 24 1945 (age 70)",
  "source-Term of office": "January 1 1995; –; December 31 2006",
  "source-Party": "Republican",
  "target-#": 56,
  "target-Name (Tenure)": "George Pataki (1995 - 2006)",
  "target-Party": "Republican"
 },
 {
  "source-Governor": "Eliot Spitzer; June 10 1959 (age 56)",
  "source-Term of office": "January 1 2007; –; March 17 2008",
  "source-Party": "Democratic",
  "target-#": 57,
  "target-Name (Tenure)": "Eliot Spitzer (2007 - 2008)",
  "target-Party": "Democratic"
 },
 {
  "source-Governor": "David Paterson; May 20 1954 (age 61)",
  "source-Term of office": "March 17 2008; –; December 31 2010",
  "source-Party": "Democratic",
  "target-#": 58,
  "target-Name (Tenure)": "David Paterson (2008 - 2010)",
  "target-Party": "Democratic"
 },
 {
  "source-Governor": "Andrew Cuomo; December 6 1957 (age 58)",
  "source-Term of office": "January 1 2011; –; Incumbent",
  "source-Party": "Democratic",
  "target-#": 59,
  "target-Name (Tenure)": "Andrew Cuomo (2011 - present)",
  "target-Party": "Democratic"
 }
]