[
 {
  "source-Governor's Name": "Gov. David A. Paterson",
  "source-State": "New York",
  "source-Time in Office": "(2008 - 2011)",
  "source-Party": "Democrat",
  "target-#": 58,
  "target-Name (Tenure)": "David Paterson (2008 - 2011)",
  "target-Party": "Democratic"
 },
 {
  "source-Governor's Name": "Gov. Eliot Spitzer",
  "source-State": "New York",
  "source-Time in Office": "(2007 - 2008)",
  "source-Party": "Democrat",
  "target-#": 57,
  "target-Name (Tenure)": "Eliot Spitzer (2007 - 2008)",
  "target-Party": "Democratic"
 },
 {
  "source-Governor's Name": "Gov. George E. Pataki",
  "source-State": "New York",
  "source-Time in Office": "(1995 - 2007)",
  "source-Party": "Republican",
  "target-#": 56,
  "target-Name (Tenure)": "George Pataki (1995 - 2007)",
  "target-Party": "Republican"
 },
 {
  "source-Governor's Name": "Gov. Mario Matthew Cuomo",
  "source-State": "New York",
  "source-Time in Office": "(1983 - 1995)",
  "source-Party": "Democrat",
  "target-#": 55,
  "target-Name (Tenure)": "Mario Matthew Cuomo (1983 - 1995)",
  "target-Party": "Democratic"
 },
 {
  "source-Governor's Name": "Gov. Hugh Leo Carey",
  "source-State": "New York",
  "source-Time in Office": "(1975 - 1983)",
  "source-Party": "Democrat",
  "target-#": 54,
  "target-Name (Tenure)": "Hugh Leo Carey (1974 - 1982)",
  "target-Party": "Democratic"
 },
 {
  "source-Governor's Name": "Gov. Malcolm Wilson",
  "source-State": "New York",
  "source-Time in Office": "(1973 - 1975)",
  "source-Party": "Republican",
  "target-#": 53,
  "target-Name (Tenure)": "Malcolm Wilson (1973 - 1975)",
  "target-Party": "Republican"
 },
 {
  "source-Governor's Name": "Gov. Nelson Aldrich Rockefeller",
  "source-State": "New York",
  "source-Time in Office": "(1959 - 1973)",
  "source-Party": "Republican",
  "target-#": 52,
  "target-Name (Tenure)": "Nelson Aldrich Rockefeller (1959 - 1973)",
  "target-Party": "Republican"
 },
 {
  "source-Governor's Name": "Gov. William Averell Harriman",
  "source-State": "New York",
  "source-Time in Office": "(1955 - 1959)",
  "source-Party": "Democratic",
  "target-#": 51,
  "target-Name (Tenure)": "William Averell Harriman (1955 - 1959)",
  "target-Party": "Democratic"
 },
 {
  "source-Governor's Name": "Gov. Thomas Edmund Dewey",
  "source-State": "New York",
  "source-Time in Office": "(1943 - 1955)",
  "source-Party": "Republican",
  "target-#": 50,
  "target-Name (Tenure)": "Thomas Edmund Dewey (1943 - 1955)",
  "target-Party": "Republican"
 },
 {
  "source-Governor's Name": "Gov. Charles Poletti",
  "source-State": "New York",
  "source-Time in Office": "(1942 - 1943)",
  "source-Party": "Democratic",
  "target-#": 49,
  "target-Name (Tenure)": "Charles Poletti (1942 - 1943)",
  "target-Party": "Democratic"
 },
 {
  "source-Governor's Name": "Gov. Herbert Henry Lehman",
  "source-State": "New York",
  "source-Time in Office": "(1933 - 1942)",
  "source-Party": "Democratic",
  "target-#": 48,
  "target-Name (Tenure)": "Herbert Henry Lehman (1933 - 1942)",
  "target-Party": "Democratic"
 },
 {
  "source-Governor's Name": "Gov. Franklin Delano Roosevelt",
  "source-State": "New York",
  "source-Time in Office": "(1929 - 1933)",
  "source-Party": "Democratic",
  "target-#": 47,
  "target-Name (Tenure)": "Franklin Delano Roosevelt (1929 - 1933)",
  "target-Party": "Democratic"
 },
 {
  "source-Governor's Name": "Gov. Nathan Lewis Miller",
  "source-State": "New York",
  "source-Time in Office": "(1921 - 1923)",
  "source-Party": "Republican",
  "target-#": 45,
  "target-Name (Tenure)": "Nathan Lewis Miller (1921 - 1923)",
  "target-Party": "Republican"
 },
 {
  "source-Governor's Name": "Gov. Charles Seymour Whitman",
  "source-State": "New York",
  "source-Time in Office": "(1915 - 1919)",
  "source-Party": "Republican",
  "target-#": 43,
  "target-Name (Tenure)": "Charles Seymour Whitman (1915 - 1919)",
  "target-Party": "Republican"
 },
 {
  "source-Governor's Name": "Gov. Martin Henry Glynn",
  "source-State": "New York",
  "source-Time in Office": "(1913 - 1915)",
  "source-Party": "Democratic",
  "target-#": 42,
  "target-Name (Tenure)": "Martin Henry Glynn (1913 - 1915)",
  "target-Party": "Democratic"
 },
 {
  "source-Governor's Name": "Gov. William Sulzer",
  "source-State": "New York",
  "source-Time in Office": "(1913 - 1913)",
  "source-Party": "Democratic",
  "target-#": 41,
  "target-Name (Tenure)": "William Sulzer (1913 - 1913)",
  "target-Party": "Democratic"
 },
 {
  "source-Governor's Name": "Gov. John Alden Dix",
  "source-State": "New York",
  "source-Time in Office": "(1911 - 1913)",
  "source-Party": "Democratic",
  "target-#": 40,
  "target-Name (Tenure)": "John Alden Dix (1910 - 1912)",
  "target-Party": "Democratic"
 },
 {
  "source-Governor's Name": "Gov. Horace White",
  "source-State": "New York",
  "source-Time in Office": "(1910 - 1911)",
  "source-Party": "Republican",
  "target-#": 39,
  "target-Name (Tenure)": "Horace White (1910 - 1911)",
  "target-Party": "Republican"
 },
 {
  "source-Governor's Name": "Gov. Charles Evans Hughes",
  "source-State": "New York",
  "source-Time in Office": "(1907 - 1910)",
  "source-Party": "Republican",
  "target-#": 38,
  "target-Name (Tenure)": "Charles Evans Hughes (1907 - 1910)",
  "target-Party": "Republican"
 },
 {
  "source-Governor's Name": "Gov. Francis Wayland Higgins",
  "source-State": "New York",
  "source-Time in Office": "(1905 - 1907)",
  "source-Party": "Republican",
  "target-#": 37,
  "target-Name (Tenure)": "Francis Wayland Higgins (1905 - 1907)",
  "target-Party": "Republican"
 },
 {
  "source-Governor's Name": "Gov. Benjamin Baker Odell",
  "source-State": "New York",
  "source-Time in Office": "(1901 - 1905)",
  "source-Party": "Republican",
  "target-#": 36,
  "target-Name (Tenure)": "Benjamin Baker Odell (1901 - 1905)",
  "target-Party": "Republican"
 },
 {
  "source-Governor's Name": "Gov. Theodore Roosevelt",
  "source-State": "New York",
  "source-Time in Office": "(1899 - 1901)",
  "source-Party": "Republican",
  "target-#": 35,
  "target-Name (Tenure)": "Theodore Roosevelt (1899 - 1901)",
  "target-Party": "Republican"
 },
 {
  "source-Governor's Name": "Gov. Frank Swett Black",
  "source-State": "New York",
  "source-Time in Office": "(1897 - 1899)",
  "source-Party": "Republican",
  "target-#": 34,
  "target-Name (Tenure)": "Frank Swett Black (1897 - 1899)",
  "target-Party": "Republican"
 },
 {
  "source-Governor's Name": "Gov. Roswell Pettibone Flower",
  "source-State": "New York",
  "source-Time in Office": "(1892 - 1895)",
  "source-Party": "Democratic",
  "target-#": 33,
  "target-Name (Tenure)": "Roswell Pettibone Flower (1892 - 1895)",
  "target-Party": "Democratic"
 },
 {
  "source-Governor's Name": "Gov. David Bennett Hill",
  "source-State": "New York",
  "source-Time in Office": "(1885 - 1892)",
  "source-Party": "Democratic",
  "target-#": 32,
  "target-Name (Tenure)": "David Bennett Hill (1885 - 1892)",
  "target-Party": "Democratic"
 }
]