[
 {
  "source-Governor": "George Clinton; July 26 1739 - April 20 1812; (aged 72)",
  "source-Term of office": "July 30 1777 - June 30 1795",
  "target-Governor": "George Clinton; (26 Jul 1739 - 20 Apr 1812)",
  "target-Home Town (According to the official N.Y. State Governor's website)": "Ulster County",
  "target-Term": "1777-1795",
  "target-Party": "Democratic-Republican"
 },
 {
  "source-Governor": "John Jay; December 23 1745 - May 17 1829; (aged 83)",
  "source-Term of office": "July 1 1795 - June 30 1801",
  "target-Governor": "John Jay; (12 Dec 1745 - 17 May 1829)",
  "target-Home Town (According to the official N.Y. State Governor's website)": "New York City",
  "target-Term": "1795-1801",
  "target-Party": "Federalist"
 },
 {
  "source-Governor": "George Clinton; July 26 1739 - April 20 1812; (aged 72)",
  "source-Term of office": "July 1 1801 - June 30 1804",
  "target-Governor": "George Clinton; (26 Jul 1739 - 20 Apr 1812)",
  "target-Home Town (According to the official N.Y. State Governor's website)": "Ulster County",
  "target-Term": "1801-1804",
  "target-Party": "Democratic-Republican"
 },
 {
  "source-Governor": "Morgan Lewis; October 16 1754 - April 7 1844; (aged 89)",
  "source-Term of office": "July 1 1804 - June 30 1807",
  "target-Governor": "Morgan Lewis; (16 Oct 1754 - 7 Apr 1844)",
  "target-Home Town (According to the official N.Y. State Governor's website)": "Dutchess County",
  "target-Term": "1804-1807",
  "target-Party": "Democratic-Republican"
 },
 {
  "source-Governor": "Daniel D. Tompkins; June 21 1774 - June 11 1825; (aged 50)",
  "source-Term of office": "July 1 1807 - February 24 1817",
  "target-Governor": "Daniel D. Tompkins; (21 Jun 1774 - 11 Jun 1825)",
  "target-Home Town (According to the official N.Y. State Governor's website)": "Richmond County",
  "target-Term": "1807-1817",
  "target-Party": "Democratic-Republican"
 },
 {
  "source-Governor": "John Tayler; July 4 1742 - March 19 1829; (aged 96); (Acting)",
  "source-Term of office": "February 24 1817 - June 30 1817",
  "target-Governor": "John Tayler; (4 Jul 1742 - 19 Mar 1829)",
  "target-Home Town (According to the official N.Y. State Governor's website)": "Albany",
  "target-Term": "1817-1817",
  "target-Party": "Democratic-Republican"
 },
 {
  "source-Governor": "DeWitt Clinton; March 2 1769 - February 11 1828; (aged 58)",
  "source-Term of office": "July 1 1817 - December 31 1822",
  "target-Governor": "De Witt Clinton; (2 Mar 1769 - 11 Feb 1828)",
  "target-Home Town (According to the official N.Y. State Governor's website)": "New York City",
  "target-Term": "1817-1822",
  "target-Party": "Democratic-Republican"
 },
 {
  "source-Governor": "Joseph C. Yates; November 9 1768 - March 19 1837; (aged 68)",
  "source-Term of office": "January 1 1823 - December 31 1824",
  "target-Governor": "Joseph C. Yates; (9 Nov 1768 - 19 Mar 1837)",
  "target-Home Town (According to the official N.Y. State Governor's website)": "Schenectady",
  "target-Term": "1823-1824",
  "target-Party": "Democratic-Republican"
 },
 {
  "source-Governor": "DeWitt Clinton; March 2 1769 - February 11 1828; (aged 58)",
  "source-Term of office": "January 1 1825 - February 11 1828",
  "target-Governor": "De Witt Clinton; (2 Mar 1769 - 11 Feb 1828)",
  "target-Home Town (According to the official N.Y. State Governor's website)": "New York City",
  "target-Term": "1825-1828",
  "target-Party": "Clinton Republican"
 },
 {
  "source-Governor": "Nathaniel Pitcher; November 30 1777 - May 25 1836; (aged 58)",
  "source-Term of office": "February 11 1828 - December 31 1828",
  "target-Governor": "Nathaniel Pitcher; (1777 - 1836)",
  "target-Home Town (According to the official N.Y. State Governor's website)": "Sandy Hill",
  "target-Term": "1828-1828",
  "target-Party": "Democratic-Republican"
 },
 {
  "source-Governor": "Martin Van Buren; December 5 1782 - July 24 1862; (aged 79)",
  "source-Term of office": "January 1 1829 - March 12 1829",
  "target-Governor": "Martin Van Buren; (5 Dec 1782 - 24 Jul 1862)",
  "target-Home Town (According to the official N.Y. State Governor's website)": "Kinderhook",
  "target-Term": "1829-1829",
  "target-Party": "Jacksonian Democratic"
 },
 {
  "source-Governor": "Enos T. Throop; August 21 1784 - November 1 1874; (aged 90)",
  "source-Term of office": "March 12 1829 - December 31 1832",
  "target-Governor": "Enos T. Throop; (21 Aug 1784 - 1 Nov 1874)",
  "target-Home Town (According to the official N.Y. State Governor's website)": "Auburn",
  "target-Term": "1829-1832",
  "target-Party": "Jacksonian Democratic"
 },
 {
  "source-Governor": "William L. Marcy; December 12 1786 - July 4 1857; (aged 70)",
  "source-Term of office": "January 1 1833 - December 31 1838",
  "target-Governor": "William L. Marcy; (12 Dec 1786 - 4 Jul 1857)",
  "target-Home Town (According to the official N.Y. State Governor's website)": "Troy",
  "target-Term": "1833-1838",
  "target-Party": "Democratic"
 },
 {
  "source-Governor": "William H. Seward; May 16 1801 - October 10 1872; (aged 71)",
  "source-Term of office": "January 1 1839 - December 31 1842",
  "target-Governor": "William H. Seward; (16 May 1801 - 10 Oct 1872)",
  "target-Home Town (According to the official N.Y. State Governor's website)": "Auburn",
  "target-Term": "1839-1843",
  "target-Party": "Whig"
 },
 {
  "source-Governor": "William C. Bouck; January 7 1786 - April 19 1859; (aged 73)",
  "source-Term of office": "January 1 1843 - December 31 1844",
  "target-Governor": "William C. Bouck; (1796 - 1859)",
  "target-Home Town (According to the official N.Y. State Governor's website)": "Fultonham",
  "target-Term": "1843-1844",
  "target-Party": "Democratic"
 },
 {
  "source-Governor": "Silas Wright; May 24 1795 - August 27 1847; (aged 52)",
  "source-Term of office": "January 1 1845 - December 31 1846",
  "target-Governor": "Silas Wright; (24 May 1795 - 27 Aug 1847)",
  "target-Home Town (According to the official N.Y. State Governor's website)": "Canton",
  "target-Term": "1845-1846",
  "target-Party": "Democratic"
 },
 {
  "source-Governor": "John Young; June 12 1802 - April 23 1852; (aged 49)",
  "source-Term of office": "January 1 1847 - December 31 1848",
  "target-Governor": "John Young; (12 Jun 1802 - 23 Apr 1852)",
  "target-Home Town (According to the official N.Y. State Governor's website)": "Geneseo",
  "target-Term": "1847-1848",
  "target-Party": "Whig"
 },
 {
  "source-Governor": "Hamilton Fish; August 3 1808 - September 7 1893; (aged 85)",
  "source-Term of office": "January 1 1849 - December 31 1850",
  "target-Governor": "Hamilton Fish; (3 Aug 1808 - 7 Sep 1893)",
  "target-Home Town (According to the official N.Y. State Governor's website)": "New York City",
  "target-Term": "1849-1850",
  "target-Party": "Whig"
 },
 {
  "source-Governor": "Washington Hunt; August 5 1811 - February 2 1867; (aged 55)",
  "source-Term of office": "January 1 1851 - December 31 1852",
  "target-Governor": "Washington Hunt; (1811 - 1867)",
  "target-Home Town (According to the official N.Y. State Governor's website)": "Lockport",
  "target-Term": "1851-1852",
  "target-Party": "Whig Anti-Rent"
 },
 {
  "source-Governor": "Horatio Seymour; May 31 1810 - February 12 1886; (aged 75)",
  "source-Term of office": "January 1 1853 - December 31 1854",
  "target-Governor": "Horatio Seymour; (31 May 1810 - 12 Feb 1886)",
  "target-Home Town (According to the official N.Y. State Governor's website)": "Deerfield",
  "target-Term": "1853-1854",
  "target-Party": "Democratic"
 },
 {
  "source-Governor": "Myron H. Clark; October 23 1806 - August 23 1892; (aged 85)",
  "source-Term of office": "January 1 1855 - December 31 1856",
  "target-Governor": "Myron H. Clark; (1806 - 1892)",
  "target-Home Town (According to the official N.Y. State Governor's website)": "Canandaigua",
  "target-Term": "1855-1856",
  "target-Party": "Fusion Republican"
 },
 {
  "source-Governor": "John Alsop King; January 3 1788 - July 7 1867; (aged 79)",
  "source-Term of office": "January 1 1857 - December 31 1858",
  "target-Governor": "John A. King; (1788 - 1867)",
  "target-Home Town (According to the official N.Y. State Governor's website)": "Queens County",
  "target-Term": "1857-1858",
  "target-Party": "Republican"
 },
 {
  "source-Governor": "Edwin D. Morgan; February 8 1811 - February 14 1883; (aged 72)",
  "source-Term of office": "January 1 1859 - December 31 1862",
  "target-Governor": "Edwin D. Morgan; (8 Feb 1811 - 14 Feb 1883)",
  "target-Home Town (According to the official N.Y. State Governor's website)": "New York City",
  "target-Term": "1859-1862",
  "target-Party": "Republican"
 },
 {
  "source-Governor": "Horatio Seymour; May 31 1810 - February 12 1886; (aged 75)",
  "source-Term of office": "January 1 1863 - December 31 1864",
  "target-Governor": "Horatio Seymour; (31 May 1810 - 12 Feb 1886)",
  "target-Home Town (According to the official N.Y. State Governor's website)": "Deerfield",
  "target-Term": "1863-1864",
  "target-Party": "Democratic"
 },
 {
  "source-Governor": "Reuben Fenton; July 4 1819 - August 25 1885; (aged 66)",
  "source-Term of office": "January 1 1865 - December 31 1868",
  "target-Governor": "Reuben E. Fenton; (4 Jul 1819 - 15 Aug 1885)",
  "target-Home Town (According to the official N.Y. State Governor's website)": "Frewsburg",
  "target-Term": "1865-1868",
  "target-Party": "Union"
 },
 {
  "source-Governor": "John Thompson Hoffman; January 10 1828 - March 24 1888; (aged 60)",
  "source-Term of office": "January 1 1869 - December 31 1872",
  "target-Governor": "John T. Hoffman; (10 Jan 1828 - 24 Mar 1888)",
  "target-Home Town (According to the official N.Y. State Governor's website)": "New York City",
  "target-Term": "1869-1872",
  "target-Party": "Democratic"
 },
 {
  "source-Governor": "John Adams Dix; July 24 1798 - April 21 1879; (aged 80)",
  "source-Term of office": "January 1 1873 - December 31 1874",
  "target-Governor": "John Adams Dix; (24 Jul 1798 - 21 Apr 1879)",
  "target-Home Town (According to the official N.Y. State Governor's website)": "New York City",
  "target-Term": "1873-1874",
  "target-Party": "Republican"
 },
 {
  "source-Governor": "Samuel J. Tilden; February 9 1814 - August 4 1886; (aged 72)",
  "source-Term of office": "January 1 1875 - December 31 1876",
  "target-Governor": "Samuel J. Tilden; (9 Feb 1814 - 4 Aug 1886)",
  "target-Home Town (According to the official N.Y. State Governor's website)": "New York City",
  "target-Term": "1875-1876",
  "target-Party": "Democratic"
 },
 {
  "source-Governor": "Lucius Robinson; November 4 1810 - March 23 1891; (aged 80)",
  "source-Term of office": "January 1 1877 - December 31 1879",
  "target-Governor": "Lucius Robinson; (4 Nov 1810 - 23 May 1886)",
  "target-Home Town (According to the official N.Y. State Governor's website)": "Elmira",
  "target-Term": "1877-1880",
  "target-Party": "Democratic"
 },
 {
  "source-Governor": "Alonzo B. Cornell; January 22 1832 - October 15 1904; (aged 72)",
  "source-Term of office": "January 1 1880 - December 31 1882",
  "target-Governor": "Alonzo B. Cornell; (22 Jan 1832 - 15 Oct 1904)",
  "target-Home Town (According to the official N.Y. State Governor's website)": "New York City",
  "target-Term": "1880-1882",
  "target-Party": "Republican"
 },
 {
  "source-Governor": "Grover Cleveland; March 18 1837 - June 24 1908; (aged 71)",
  "source-Term of office": "January 1 1883 - January 6 1885",
  "target-Governor": "Grover Cleveland; (18 Mar 1837 - 24 Jun 1908)",
  "target-Home Town (According to the official N.Y. State Governor's website)": "Buffalo",
  "target-Term": "1883-1885",
  "target-Party": "Democratic"
 },
 {
  "source-Governor": "David B. Hill; August 29 1843 - October 20 1910; (aged 67)",
  "source-Term of office": "January 6 1885 - December 31 1891",
  "target-Governor": "David B. Hill; (29 Aug 1843 - 20 Oct 1910)",
  "target-Home Town (According to the official N.Y. State Governor's website)": "Elmira",
  "target-Term": "1885-1891",
  "target-Party": "Democratic"
 },
 {
  "source-Governor": "Roswell P. Flower; August 7 1835 - May 12 1899; (aged 63)",
  "source-Term of office": "January 1 1892 - December 31 1894",
  "target-Governor": "Roswell P. Flower; (7 Aug 1835 - 12 May 1899)",
  "target-Home Town (According to the official N.Y. State Governor's website)": "New York City",
  "target-Term": "1891-1894",
  "target-Party": "Democratic"
 },
 {
  "source-Governor": "Levi P. Morton; May 16 1824 - May 16 1920; (aged 96)",
  "source-Term of office": "January 1 1895 - December 31 1896",
  "target-Governor": "Levi P. Morton; (16 May 1824 - 16 May 1920)",
  "target-Home Town (According to the official N.Y. State Governor's website)": "Rhinecliff",
  "target-Term": "1895-1897",
  "target-Party": "Republican"
 },
 {
  "source-Governor": "Frank S. Black; March 8 1853 - March 22 1913; (aged 60)",
  "source-Term of office": "January 1 1897 - December 31 1898",
  "target-Governor": "Frank S. Black; (8 Mar 1853 - 22 Mar 1913)",
  "target-Home Town (According to the official N.Y. State Governor's website)": "Troy",
  "target-Term": "1897-1898",
  "target-Party": "Republican"
 },
 {
  "source-Governor": "Theodore Roosevelt; October 27 1858 - January 6 1919; (aged 60)",
  "source-Term of office": "January 1 1899 - December 31 1900",
  "target-Governor": "Theodore Roosevelt; (27 Oct 1858 - 6 Jan 1919)",
  "target-Home Town (According to the official N.Y. State Governor's website)": "Oyster Bay",
  "target-Term": "1899-1900",
  "target-Party": "Republican"
 },
 {
  "source-Governor": "Frank W. Higgins; August 18 1856 - February 12 1907; (aged 50",
  "source-Term of office": "January 1 1905 - December 31 1906",
  "target-Governor": "Frank W. Higgins; (18 Aug 1856 - 12 Feb 1907)",
  "target-Home Town (According to the official N.Y. State Governor's website)": "Olean",
  "target-Term": "1905-1906",
  "target-Party": "Republican"
 },
 {
  "source-Governor": "Charles Evans Hughes; April 11 1862 - August 27 1948; (aged 86)",
  "source-Term of office": "January 1 1907 - October 6 1910",
  "target-Governor": "Charles Evans Hughes; (11 Apr 1862 - 27 Aug 1948)",
  "target-Home Town (According to the official N.Y. State Governor's website)": "New York City",
  "target-Term": "1907-1910",
  "target-Party": "Republican"
 },
 {
  "source-Governor": "Horace White; October 7 1865 - November 27 1943; (aged 78)",
  "source-Term of office": "October 6 1910 - December 31 1910",
  "target-Governor": "Horace White; (7 Oct 1865 - 26 Nov 1943)",
  "target-Home Town (According to the official N.Y. State Governor's website)": "Syracuse",
  "target-Term": "1910-1911",
  "target-Party": "Republican"
 },
 {
  "source-Governor": "John Alden Dix; December 25 1860 - April 9 1928; (aged 67)",
  "source-Term of office": "January 1 1911 - December 31 1912",
  "target-Governor": "John Alden Dix; (25 Dec 1860 - 9 Apr 1928)",
  "target-Home Town (According to the official N.Y. State Governor's website)": "Thompson",
  "target-Term": "1911-1912",
  "target-Party": "Democratic"
 },
 {
  "source-Governor": "William Sulzer; March 18 1863 - November 6 1941; (aged 78)",
  "source-Term of office": "January 1 1913 - October 17 1913",
  "target-Governor": "William Sulzer; (18 Mar 1863 - 6 Nov 1941)",
  "target-Home Town (According to the official N.Y. State Governor's website)": "New York City",
  "target-Term": "1913-1913",
  "target-Party": "Democratic"
 },
 {
  "source-Governor": "Martin H. Glynn; September 27 1871 - December 14 1924; (aged 53)",
  "source-Term of office": "October 17 1913 - December 31 1914",
  "target-Governor": "Martin H. Glynn; (27 Sep 1871 - 14 Dec 1924)",
  "target-Home Town (According to the official N.Y. State Governor's website)": "Albany",
  "target-Term": "1913-1915",
  "target-Party": "Democratic"
 },
 {
  "source-Governor": "Charles S. Whitman; September 29 1868 - March 29 1947; (aged 78)",
  "source-Term of office": "January 1 1915 - December 31 1918",
  "target-Governor": "Charles S. Whitman; (29 Sep 1868 - 29 Mar 1947)",
  "target-Home Town (According to the official N.Y. State Governor's website)": "New York City",
  "target-Term": "1915-1918",
  "target-Party": "Republican"
 },
 {
  "source-Governor": "Al Smith; December 30 1873 - October 4 1944; (aged 70)",
  "source-Term of office": "January 1 1919 - December 31 1920",
  "target-Governor": "Alfred E. Smith; (30 Dec 1873 - 4 Oct 1944)",
  "target-Home Town (According to the official N.Y. State Governor's website)": "New York City",
  "target-Term": "1919-1920",
  "target-Party": "Democratic"
 },
 {
  "source-Governor": "Nathan L. Miller; October 10 1868 - June 26 1953; (aged 84)",
  "source-Term of office": "January 1 1921 - December 31 1922",
  "target-Governor": "Nathan L. Miller; (30 Jan 1882 - 12 Apr 1945)",
  "target-Home Town (According to the official N.Y. State Governor's website)": "Syracuse",
  "target-Term": "1921-1922",
  "target-Party": "Republican"
 },
 {
  "source-Governor": "Al Smith; December 30 1873 - October 4 1944; (aged 70)",
  "source-Term of office": "January 1 1923 - December 31 1928",
  "target-Governor": "Alfred E. Smith; (30 Dec 1873 - 4 Oct 1944)",
  "target-Home Town (According to the official N.Y. State Governor's website)": "New York City",
  "target-Term": "1923-1928",
  "target-Party": "Democratic"
 },
 {
  "source-Governor": "Franklin D. Roosevelt; January 30 1882 - April 12 1945; (aged 63)",
  "source-Term of office": "January 1 1929 - December 31 1932",
  "target-Governor": "Franklin D. Roosevelt; (30 Jan 1882 - 12 Apr 1945)",
  "target-Home Town (According to the official N.Y. State Governor's website)": "Hyde Park",
  "target-Term": "1929-1932",
  "target-Party": "Democratic"
 },
 {
  "source-Governor": "Herbert H. Lehman; March 28 1878 - December 5 1963; (aged 85)",
  "source-Term of office": "January 1 1933 - December 3 1942",
  "target-Governor": "Herbert H. Lehman; (28 Mar 1878 - 5 Dec 1963)",
  "target-Home Town (According to the official N.Y. State Governor's website)": "New York City",
  "target-Term": "1933-1942",
  "target-Party": "Democratic"
 },
 {
  "source-Governor": "Charles Poletti; July 2 1903 - August 8 2002; (aged 99)",
  "source-Term of office": "December 3 1942 - December 31 1942",
  "target-Governor": "Charles Poletti; (2 Jul 1903 - 8 Aug 2002)",
  "target-Home Town (According to the official N.Y. State Governor's website)": "New York City",
  "target-Term": "1942-1943",
  "target-Party": "Democratic"
 },
 {
  "source-Governor": "Thomas Dewey; March 24 1902 - March 16 1971; (aged 68)",
  "source-Term of office": "January 1 1943 - December 31 1954",
  "target-Governor": "Thomas E. Dewey; (24 Mar 1902 - 16 Mar 1971)",
  "target-Home Town (According to the official N.Y. State Governor's website)": "New York City",
  "target-Term": "1943-1954",
  "target-Party": "Republican"
 },
 {
  "source-Governor": "W. Averell Harriman; November 15 1891 - July 26 1986; (aged 94)",
  "source-Term of office": "January 1 1955 - December 31 1958",
  "target-Governor": "W. Averell Harriman; (15 Nov 1891 - 26 Jul 1986)",
  "target-Home Town (According to the official N.Y. State Governor's website)": "Harriman",
  "target-Term": "1955-1958",
  "target-Party": "Democratic"
 },
 {
  "source-Governor": "Nelson Rockefeller; July 8 1908 - January 26 1979; (aged 70)",
  "source-Term of office": "January 1 1959 - December 18 1973",
  "target-Governor": "Nelson A. Rockefeller; (8 July 1908 - 26 Jan 1979)",
  "target-Home Town (According to the official N.Y. State Governor's website)": "Tarrytown",
  "target-Term": "1959-1973",
  "target-Party": "Republican"
 },
 {
  "source-Governor": "Malcolm Wilson; February 26 1914 - March 13 2000; (aged 86)",
  "source-Term of office": "December 18 1973 - December 31 1974",
  "target-Governor": "Malcolm Wilson; (26 Feb 1914 - 13 Mar 2000)",
  "target-Home Town (According to the official N.Y. State Governor's website)": "Yonkers",
  "target-Term": "1973-1975",
  "target-Party": "Republican"
 },
 {
  "source-Governor": "Hugh Carey; April 11 1919 - August 7 2011; (aged 92)",
  "source-Term of office": "January 1 1975 - December 31 1982",
  "target-Governor": "Hugh L. Carey; (11 Apr 1919 -)",
  "target-Home Town (According to the official N.Y. State Governor's website)": "Brooklyn",
  "target-Term": "1975-1982",
  "target-Party": "Democratic"
 },
 {
  "source-Governor": "Mario Cuomo; June 15 1932 - January 1 2015; (aged 82)",
  "source-Term of office": "January 1 1983 - December 31 1994",
  "target-Governor": "Mario M. Cuomo; (15 Jun 1932 -)",
  "target-Home Town (According to the official N.Y. State Governor's website)": "Queens",
  "target-Term": "1983-1994",
  "target-Party": "Democratic"
 },
 {
  "source-Governor": "George Pataki; June 24 1945 (age 70)",
  "source-Term of office": "January 1 1995 - December 31 2006",
  "target-Governor": "George E. Pataki; (24 Jun 1945 -)",
  "target-Home Town (According to the official N.Y. State Governor's website)": "Garrison",
  "target-Term": "1995-2006",
  "target-Party": "Republican"
 },
 {
  "source-Governor": "Eliot Spitzer; June 10 1959 (age 56)",
  "source-Term of office": "January 1 2007 - March 17 2008",
  "target-Governor": "Eliot Spitzer; (10 June 1959 -)",
  "target-Home Town (According to the official N.Y. State Governor's website)": "The Bronx",
  "target-Term": "2007-2008",
  "target-Party": "Democratic"
 },
 {
  "source-Governor": "David Paterson; May 20 1954 (age 61)",
  "source-Term of office": "March 17 2008 - December 31 2010",
  "target-Governor": "David Paterson; (20 May 1954 -)",
  "target-Home Town (According to the official N.Y. State Governor's website)": "Brooklyn",
  "target-Term": "2008-2010",
  "target-Party": "Democratic"
 }
]