realtime_start,realtime_end,date,value,source-Name
12/23/2019,12/23/2019,1/1/1959,136,Acadia
12/23/2019,12/23/2019,2/1/1959,136.6,Arches
12/23/2019,12/23/2019,3/1/1959,137.6,Badlands
12/23/2019,12/23/2019,4/1/1959,138.4,Big Bend
12/23/2019,12/23/2019,5/1/1959,139.5,Biscayne
12/23/2019,12/23/2019,6/1/1959,140.7,Black Canyon of the Gunnison
12/23/2019,12/23/2019,7/1/1959,141.4,Bryce Canyon
12/23/2019,12/23/2019,8/1/1959,142.3,Canyonlands
12/23/2019,12/23/2019,9/1/1959,143.3,Capitol Reef
12/23/2019,12/23/2019,10/1/1959,143.8,Carlsbad Caverns
12/23/2019,12/23/2019,11/1/1959,145,Channel Islands
12/23/2019,12/23/2019,12/1/1959,146.5,Congaree
12/23/2019,12/23/2019,1/1/1960,146.7,Crater Lake
12/23/2019,12/23/2019,2/1/1960,147.1,Cuyahoga Valley
12/23/2019,12/23/2019,3/1/1960,148,Death Valley
12/23/2019,12/23/2019,4/1/1960,148.7,Denali
12/23/2019,12/23/2019,5/1/1960,149.5,Dry Tortugas
12/23/2019,12/23/2019,6/1/1960,150.7,Everglades
12/23/2019,12/23/2019,7/1/1960,151.5,Gates of the Arctic
12/23/2019,12/23/2019,8/1/1960,152.8,Glacier
12/23/2019,12/23/2019,9/1/1960,154.3,Glacier Bay
12/23/2019,12/23/2019,10/1/1960,155.5,Grand Canyon
12/23/2019,12/23/2019,11/1/1960,157.4,Grand Teton
12/23/2019,12/23/2019,12/1/1960,159.1,Great Basin
12/23/2019,12/23/2019,1/1/1961,160.3,Great Sand Dunes
12/23/2019,12/23/2019,2/1/1961,161.9,Great Smoky Mountains
12/23/2019,12/23/2019,3/1/1961,163.3,Guadalupe Mountains
12/23/2019,12/23/2019,4/1/1961,164.3,Haleakalā
12/23/2019,12/23/2019,5/1/1961,165.5,Hawaii Volcanoes
12/23/2019,12/23/2019,6/1/1961,167,Hot Springs
12/23/2019,12/23/2019,7/1/1961,167.9,Isle Royale
12/23/2019,12/23/2019,8/1/1961,169.1,Joshua Tree
12/23/2019,12/23/2019,9/1/1961,170.4,Katmai
12/23/2019,12/23/2019,10/1/1961,171.5,Kenai Fjords
12/23/2019,12/23/2019,11/1/1961,173.7,Kings Canyon
12/23/2019,12/23/2019,12/1/1961,175.5,Kobuk Valley
12/23/2019,12/23/2019,1/1/1962,176.6,Lake Clark
12/23/2019,12/23/2019,2/1/1962,178,Lassen Volcanic
12/23/2019,12/23/2019,3/1/1962,179.7,Mammoth Cave
12/23/2019,12/23/2019,4/1/1962,181,Mesa Verde
12/23/2019,12/23/2019,5/1/1962,182.4,Mount Rainier
12/23/2019,12/23/2019,6/1/1962,184.1,North Cascades
12/23/2019,12/23/2019,7/1/1962,185.5,Olympic
12/23/2019,12/23/2019,8/1/1962,187,Petrified Forest
12/23/2019,12/23/2019,9/1/1962,188.8,Pinnacles
12/23/2019,12/23/2019,10/1/1962,190.3,Redwood
12/23/2019,12/23/2019,11/1/1962,192.7,Rocky Mountain
12/23/2019,12/23/2019,12/1/1962,194.8,Saguaro
12/23/2019,12/23/2019,1/1/1963,196.3,Sequoia
12/23/2019,12/23/2019,2/1/1963,198.1,Shenandoah
12/23/2019,12/23/2019,3/1/1963,200.1,Theodore Roosevelt
12/23/2019,12/23/2019,4/1/1963,201.6,Voyageurs
12/23/2019,12/23/2019,5/1/1963,203.3,Wind Cave
12/23/2019,12/23/2019,6/1/1963,205.2,Wrangell–​St. Elias
12/23/2019,12/23/2019,7/1/1963,206.5,Yellowstone
12/23/2019,12/23/2019,8/1/1963,207.9,Yosemite
12/23/2019,12/23/2019,9/1/1963,209.5,Zion
12/23/2019,12/23/2019,10/1/1963,210.3,John Jay
12/23/2019,12/23/2019,11/1/1963,212.6,George Clinton
12/23/2019,12/23/2019,12/1/1963,214.4,Morgan Lewis
12/23/2019,12/23/2019,1/1/1964,215.6,Daniel D. Tompkins
12/23/2019,12/23/2019,2/1/1964,217.2,John Tayler
12/23/2019,12/23/2019,3/1/1964,218.9,Joseph C. Yates
12/23/2019,12/23/2019,4/1/1964,220.3,DeWitt Clinton
12/23/2019,12/23/2019,5/1/1964,222.1,Nathaniel Pitcher
12/23/2019,12/23/2019,6/1/1964,224.1,Martin Van Buren
12/23/2019,12/23/2019,7/1/1964,225.5,Enos T. Throop
12/23/2019,12/23/2019,8/1/1964,227.4,William L. Marcy
12/23/2019,12/23/2019,9/1/1964,229.4,William H. Seward
12/23/2019,12/23/2019,10/1/1964,230.8,William C. Bouck
12/23/2019,12/23/2019,11/1/1964,233.2,Silas Wright
12/23/2019,12/23/2019,12/1/1964,235.2,John Young
12/23/2019,12/23/2019,1/1/1965,236.9,Hamilton Fish
12/23/2019,12/23/2019,2/1/1965,238.8,Washington Hunt
12/23/2019,12/23/2019,3/1/1965,240.7,Myron H. Clark
12/23/2019,12/23/2019,4/1/1965,242.1,John Alsop King
12/23/2019,12/23/2019,5/1/1965,243.7,Edwin D. Morgan
12/23/2019,12/23/2019,6/1/1965,245.7,Horatio Seymour
12/23/2019,12/23/2019,7/1/1965,247.1,Reuben Fenton
12/23/2019,12/23/2019,8/1/1965,248.8,John Thompson Hoffman
12/23/2019,12/23/2019,9/1/1965,250.8,John Adams Dix
12/23/2019,12/23/2019,10/1/1965,252.3,Samuel J. Tilden
12/23/2019,12/23/2019,11/1/1965,254.8,Lucius Robinson
12/23/2019,12/23/2019,12/1/1965,256.9,Alonzo B. Cornell
12/23/2019,12/23/2019,1/1/1966,257.6,Grover Cleveland
12/23/2019,12/23/2019,2/1/1966,258.3,David B. Hill
12/23/2019,12/23/2019,3/1/1966,258.1,Roswell P. Flower
12/23/2019,12/23/2019,4/1/1966,256,Frank S. Black
12/23/2019,12/23/2019,5/1/1966,255.1,Theodore Roosevelt
12/23/2019,12/23/2019,6/1/1966,254.7,Benjamin Barker Odell Jr
12/23/2019,12/23/2019,7/1/1966,254.3,Frank W. Higgins
12/23/2019,12/23/2019,8/1/1966,253.2,Charles Evans Hughes
12/23/2019,12/23/2019,9/1/1966,253.1,Horace White
12/23/2019,12/23/2019,10/1/1966,252.2,John Alden Dix
12/23/2019,12/23/2019,11/1/1966,252.6,William Sulzer
12/23/2019,12/23/2019,12/1/1966,253.1,Martin H. Glynn
12/23/2019,12/23/2019,1/1/1967,252.7,Charles S. Whitman
12/23/2019,12/23/2019,2/1/1967,252.9,Nathan Lewis Miller
12/23/2019,12/23/2019,3/1/1967,253.9,Al Smith
12/23/2019,12/23/2019,4/1/1967,255.1,Franklin D. Roosevelt
12/23/2019,12/23/2019,5/1/1967,256.7,Herbert H. Lehman
12/23/2019,12/23/2019,6/1/1967,258.3,Charles Poletti
12/23/2019,12/23/2019,7/1/1967,259.5,Thomas Dewey
12/23/2019,12/23/2019,8/1/1967,260.8,W. Averell Harriman
12/23/2019,12/23/2019,9/1/1967,262,Nelson Rockefeller
12/23/2019,12/23/2019,10/1/1967,262.6,Malcolm Wilson
12/23/2019,12/23/2019,11/1/1967,263.4,Hugh Carey
12/23/2019,12/23/2019,12/1/1967,263.7,Mario Cuomo
12/23/2019,12/23/2019,1/1/1968,263.2,George Pataki
12/23/2019,12/23/2019,2/1/1968,263.5,Eliot Spitzer
12/23/2019,12/23/2019,3/1/1968,264.3,David Paterson
12/23/2019,12/23/2019,4/1/1968,264.3,Andrew Cuomo
12/23/2019,12/23/2019,5/1/1968,264.5,Acadia
12/23/2019,12/23/2019,6/1/1968,264.9,Arches
12/23/2019,12/23/2019,7/1/1968,264.6,Badlands
12/23/2019,12/23/2019,8/1/1968,265.3,Big Bend
12/23/2019,12/23/2019,9/1/1968,266.5,Biscayne
12/23/2019,12/23/2019,10/1/1968,266.7,Black Canyon of the Gunnison
12/23/2019,12/23/2019,11/1/1968,267.4,Bryce Canyon
12/23/2019,12/23/2019,12/1/1968,268.9,Canyonlands
12/23/2019,12/23/2019,1/1/1969,268.7,Capitol Reef
12/23/2019,12/23/2019,2/1/1969,268.2,Carlsbad Caverns
12/23/2019,12/23/2019,3/1/1969,268.9,Channel Islands
12/23/2019,12/23/2019,4/1/1969,267.9,Congaree
12/23/2019,12/23/2019,5/1/1969,267.3,Crater Lake
12/23/2019,12/23/2019,6/1/1969,267.9,Cuyahoga Valley
12/23/2019,12/23/2019,7/1/1969,266,Death Valley
12/23/2019,12/23/2019,8/1/1969,264.4,Denali
12/23/2019,12/23/2019,9/1/1969,264.6,Dry Tortugas
12/23/2019,12/23/2019,10/1/1969,263.5,Everglades
12/23/2019,12/23/2019,11/1/1969,263.3,Gates of the Arctic
12/23/2019,12/23/2019,12/1/1969,263.7,Glacier
12/23/2019,12/23/2019,1/1/1970,262.7,Glacier Bay
12/23/2019,12/23/2019,2/1/1970,257.9,Grand Canyon
12/23/2019,12/23/2019,3/1/1970,254.5,Grand Teton
12/23/2019,12/23/2019,4/1/1970,251.4,Great Basin
12/23/2019,12/23/2019,5/1/1970,250.1,Great Sand Dunes
12/23/2019,12/23/2019,6/1/1970,250.4,Great Smoky Mountains
12/23/2019,12/23/2019,7/1/1970,251.5,Guadalupe Mountains
12/23/2019,12/23/2019,8/1/1970,252.9,Haleakalā
12/23/2019,12/23/2019,9/1/1970,255.1,Hawaii Volcanoes
12/23/2019,12/23/2019,10/1/1970,257,Hot Springs
12/23/2019,12/23/2019,11/1/1970,258.8,Isle Royale
12/23/2019,12/23/2019,12/1/1970,261,Joshua Tree
12/23/2019,12/23/2019,1/1/1971,263.6,Katmai
12/23/2019,12/23/2019,2/1/1971,266.1,Kenai Fjords
12/23/2019,12/23/2019,3/1/1971,269.5,Kings Canyon
12/23/2019,12/23/2019,4/1/1971,272.6,Acadia
12/23/2019,12/23/2019,5/1/1971,275.7,Arches
12/23/2019,12/23/2019,6/1/1971,278.2,Badlands
12/23/2019,12/23/2019,7/1/1971,280.8,Big Bend
12/23/2019,12/23/2019,8/1/1971,283.4,Biscayne
12/23/2019,12/23/2019,9/1/1971,286,Black Canyon of the Gunnison
12/23/2019,12/23/2019,10/1/1971,288.2,Bryce Canyon
12/23/2019,12/23/2019,11/1/1971,290.2,Canyonlands
12/23/2019,12/23/2019,12/1/1971,292.2,Capitol Reef
12/23/2019,12/23/2019,1/1/1972,294.7,Carlsbad Caverns
12/23/2019,12/23/2019,2/1/1972,297.1,Channel Islands
12/23/2019,12/23/2019,3/1/1972,299.5,Congaree
12/23/2019,12/23/2019,4/1/1972,301.1,Crater Lake
12/23/2019,12/23/2019,5/1/1972,302.7,Cuyahoga Valley
12/23/2019,12/23/2019,6/1/1972,304.9,Death Valley
12/23/2019,12/23/2019,7/1/1972,307.7,Denali
12/23/2019,12/23/2019,8/1/1972,311.2,Dry Tortugas
12/23/2019,12/23/2019,9/1/1972,314.3,Everglades
12/23/2019,12/23/2019,10/1/1972,316.6,Gates of the Arctic
12/23/2019,12/23/2019,11/1/1972,319.2,Glacier
12/23/2019,12/23/2019,12/1/1972,321.4,Glacier Bay
12/23/2019,12/23/2019,1/1/1973,322.7,Grand Canyon
12/23/2019,12/23/2019,2/1/1973,323.1,Grand Teton
12/23/2019,12/23/2019,3/1/1973,323.5,Great Basin
12/23/2019,12/23/2019,4/1/1973,323.8,Great Sand Dunes
12/23/2019,12/23/2019,5/1/1973,325.1,Great Smoky Mountains
12/23/2019,12/23/2019,6/1/1973,326.6,Guadalupe Mountains
12/23/2019,12/23/2019,7/1/1973,327.4,Haleakalā
12/23/2019,12/23/2019,8/1/1973,325.9,Hawaii Volcanoes
12/23/2019,12/23/2019,9/1/1973,325,Hot Springs
12/23/2019,12/23/2019,10/1/1973,325.5,Isle Royale
12/23/2019,12/23/2019,11/1/1973,325.8,Joshua Tree
12/23/2019,12/23/2019,12/1/1973,326.8,Katmai
12/23/2019,12/23/2019,1/1/1974,327.6,Kenai Fjords
12/23/2019,12/23/2019,2/1/1974,327.8,Kings Canyon
12/23/2019,12/23/2019,3/1/1974,328.8,Kobuk Valley
12/23/2019,12/23/2019,4/1/1974,329.5,Lake Clark
12/23/2019,12/23/2019,5/1/1974,329.7,Lassen Volcanic
12/23/2019,12/23/2019,6/1/1974,330.4,Mammoth Cave
12/23/2019,12/23/2019,7/1/1974,331.7,Mesa Verde
12/23/2019,12/23/2019,8/1/1974,332,Mount Rainier
12/23/2019,12/23/2019,9/1/1974,332.7,North Cascades
12/23/2019,12/23/2019,10/1/1974,334.2,Olympic
12/23/2019,12/23/2019,11/1/1974,336.2,Petrified Forest
12/23/2019,12/23/2019,12/1/1974,338.6,Pinnacles
12/23/2019,12/23/2019,1/1/1975,341,Redwood
12/23/2019,12/23/2019,2/1/1975,343.9,Rocky Mountain
12/23/2019,12/23/2019,3/1/1975,348.4,Saguaro
12/23/2019,12/23/2019,4/1/1975,353.5,Sequoia
12/23/2019,12/23/2019,5/1/1975,358.8,Shenandoah
12/23/2019,12/23/2019,6/1/1975,365.6,Theodore Roosevelt
12/23/2019,12/23/2019,7/1/1975,370.7,Voyageurs
12/23/2019,12/23/2019,8/1/1975,374.2,Wind Cave
12/23/2019,12/23/2019,9/1/1975,377.7,Wrangell–​St. Elias
12/23/2019,12/23/2019,10/1/1975,380.6,Yellowstone
12/23/2019,12/23/2019,11/1/1975,384.7,Yosemite
12/23/2019,12/23/2019,12/1/1975,388.9,Zion
12/23/2019,12/23/2019,1/1/1976,394.4,John Jay
12/23/2019,12/23/2019,2/1/1976,402.7,George Clinton
12/23/2019,12/23/2019,3/1/1976,408.6,Morgan Lewis
12/23/2019,12/23/2019,4/1/1976,413.8,Daniel D. Tompkins
12/23/2019,12/23/2019,5/1/1976,418.3,John Tayler
12/23/2019,12/23/2019,6/1/1976,420,Joseph C. Yates
12/23/2019,12/23/2019,7/1/1976,423.5,DeWitt Clinton
12/23/2019,12/23/2019,8/1/1976,428.5,Nathaniel Pitcher
12/23/2019,12/23/2019,9/1/1976,433.6,Martin Van Buren
12/23/2019,12/23/2019,10/1/1976,439.8,Enos T. Throop
12/23/2019,12/23/2019,11/1/1976,447.1,William L. Marcy
12/23/2019,12/23/2019,12/1/1976,453.2,William H. Seward
12/23/2019,12/23/2019,1/1/1977,459.1,William C. Bouck
12/23/2019,12/23/2019,2/1/1977,463.3,Silas Wright
12/23/2019,12/23/2019,3/1/1977,466.3,John Young
12/23/2019,12/23/2019,4/1/1977,470,Hamilton Fish
12/23/2019,12/23/2019,5/1/1977,472.6,Washington Hunt
12/23/2019,12/23/2019,6/1/1977,474.5,Myron H. Clark
12/23/2019,12/23/2019,7/1/1977,477.6,John Alsop King
12/23/2019,12/23/2019,8/1/1977,481.9,Edwin D. Morgan
12/23/2019,12/23/2019,9/1/1977,484.8,Horatio Seymour
12/23/2019,12/23/2019,10/1/1977,487.2,Reuben Fenton
12/23/2019,12/23/2019,11/1/1977,490.6,John Thompson Hoffman
12/23/2019,12/23/2019,12/1/1977,492.2,John Adams Dix
12/23/2019,12/23/2019,1/1/1978,494.6,Samuel J. Tilden
12/23/2019,12/23/2019,2/1/1978,496.4,Lucius Robinson
12/23/2019,12/23/2019,3/1/1978,497.5,Alonzo B. Cornell
12/23/2019,12/23/2019,4/1/1978,498.6,Grover Cleveland
12/23/2019,12/23/2019,5/1/1978,499.7,David B. Hill
12/23/2019,12/23/2019,6/1/1978,498.5,Roswell P. Flower
12/23/2019,12/23/2019,7/1/1978,494.2,Frank S. Black
12/23/2019,12/23/2019,8/1/1978,494.4,Theodore Roosevelt
12/23/2019,12/23/2019,9/1/1978,495.1,Benjamin Barker Odell Jr
12/23/2019,12/23/2019,10/1/1978,493.4,Frank W. Higgins
12/23/2019,12/23/2019,11/1/1978,488.8,Charles Evans Hughes
12/23/2019,12/23/2019,12/1/1978,481.9,Horace White
12/23/2019,12/23/2019,1/1/1979,472.6,John Alden Dix
12/23/2019,12/23/2019,2/1/1979,466.7,William Sulzer
12/23/2019,12/23/2019,3/1/1979,463.2,Martin H. Glynn
12/23/2019,12/23/2019,4/1/1979,459.3,Charles S. Whitman
12/23/2019,12/23/2019,5/1/1979,455.8,Nathan Lewis Miller
12/23/2019,12/23/2019,6/1/1979,456.2,Al Smith
12/23/2019,12/23/2019,7/1/1979,456.3,Franklin D. Roosevelt
12/23/2019,12/23/2019,8/1/1979,457.1,Herbert H. Lehman
12/23/2019,12/23/2019,9/1/1979,452.5,Charles Poletti
12/23/2019,12/23/2019,10/1/1979,441.7,Thomas Dewey
12/23/2019,12/23/2019,11/1/1979,429.1,W. Averell Harriman
12/23/2019,12/23/2019,12/1/1979,423.8,Nelson Rockefeller
12/23/2019,12/23/2019,1/1/1980,417.2,Malcolm Wilson
12/23/2019,12/23/2019,2/1/1980,410.6,Hugh Carey
12/23/2019,12/23/2019,3/1/1980,400.1,Mario Cuomo
12/23/2019,12/23/2019,4/1/1980,386.4,George Pataki
12/23/2019,12/23/2019,5/1/1980,382.2,Eliot Spitzer
12/23/2019,12/23/2019,6/1/1980,390.8,David Paterson
12/23/2019,12/23/2019,7/1/1980,402.8,Andrew Cuomo
12/23/2019,12/23/2019,8/1/1980,414.6,Acadia
12/23/2019,12/23/2019,9/1/1980,419,Arches
12/23/2019,12/23/2019,10/1/1980,419.7,Badlands
12/23/2019,12/23/2019,11/1/1980,414.6,Big Bend
12/23/2019,12/23/2019,12/1/1980,400.3,Biscayne
12/23/2019,12/23/2019,1/1/1981,382.3,Black Canyon of the Gunnison
12/23/2019,12/23/2019,2/1/1981,375,Bryce Canyon
12/23/2019,12/23/2019,3/1/1981,372,Canyonlands
12/23/2019,12/23/2019,4/1/1981,372.5,Capitol Reef
12/23/2019,12/23/2019,5/1/1981,367,Carlsbad Caverns
12/23/2019,12/23/2019,6/1/1981,360.9,Channel Islands
12/23/2019,12/23/2019,7/1/1981,360,Congaree
12/23/2019,12/23/2019,8/1/1981,354,Crater Lake
12/23/2019,12/23/2019,9/1/1981,348.1,Cuyahoga Valley
12/23/2019,12/23/2019,10/1/1981,343.6,Death Valley
12/23/2019,12/23/2019,11/1/1981,343.1,Denali
12/23/2019,12/23/2019,12/1/1981,343.9,Dry Tortugas
12/23/2019,12/23/2019,1/1/1982,346.5,Everglades
12/23/2019,12/23/2019,2/1/1982,345.3,Gates of the Arctic
12/23/2019,12/23/2019,3/1/1982,344.2,Glacier
12/23/2019,12/23/2019,4/1/1982,344.3,Glacier Bay
12/23/2019,12/23/2019,5/1/1982,344,Grand Canyon
12/23/2019,12/23/2019,6/1/1982,343.5,Grand Teton
12/23/2019,12/23/2019,7/1/1982,342,Great Basin
12/23/2019,12/23/2019,8/1/1982,344.2,Great Sand Dunes
12/23/2019,12/23/2019,9/1/1982,346.6,Great Smoky Mountains
12/23/2019,12/23/2019,10/1/1982,355.3,Guadalupe Mountains
12/23/2019,12/23/2019,11/1/1982,362.7,Haleakalā
12/23/2019,12/23/2019,12/1/1982,400.1,Hawaii Volcanoes
12/23/2019,12/23/2019,1/1/1983,521.5,Hot Springs
12/23/2019,12/23/2019,2/1/1983,601.9,Isle Royale
12/23/2019,12/23/2019,3/1/1983,639.2,Joshua Tree
12/23/2019,12/23/2019,4/1/1983,660.8,Katmai
12/23/2019,12/23/2019,5/1/1983,678.1,Kenai Fjords
12/23/2019,12/23/2019,6/1/1983,687.1,Kings Canyon
12/23/2019,12/23/2019,7/1/1983,688.8,Acadia
12/23/2019,12/23/2019,8/1/1983,687.6,Arches
12/23/2019,12/23/2019,9/1/1983,687.3,Badlands
12/23/2019,12/23/2019,10/1/1983,686.4,Big Bend
12/23/2019,12/23/2019,11/1/1983,684.9,Biscayne
12/23/2019,12/23/2019,12/1/1983,684.9,Black Canyon of the Gunnison
12/23/2019,12/23/2019,1/1/1984,685.5,Bryce Canyon
12/23/2019,12/23/2019,2/1/1984,690.8,Canyonlands
12/23/2019,12/23/2019,3/1/1984,696.7,Capitol Reef
12/23/2019,12/23/2019,4/1/1984,702.1,Carlsbad Caverns
12/23/2019,12/23/2019,5/1/1984,701.9,Channel Islands
12/23/2019,12/23/2019,6/1/1984,698.1,Congaree
12/23/2019,12/23/2019,7/1/1984,693.1,Crater Lake
12/23/2019,12/23/2019,8/1/1984,686.3,Cuyahoga Valley
12/23/2019,12/23/2019,9/1/1984,685.5,Death Valley
12/23/2019,12/23/2019,10/1/1984,687,Denali
12/23/2019,12/23/2019,11/1/1984,694.4,Dry Tortugas
12/23/2019,12/23/2019,12/1/1984,704.7,Everglades
12/23/2019,12/23/2019,1/1/1985,720.2,Gates of the Arctic
12/23/2019,12/23/2019,2/1/1985,736.1,Glacier
12/23/2019,12/23/2019,3/1/1985,744.4,Glacier Bay
12/23/2019,12/23/2019,4/1/1985,748.4,Grand Canyon
12/23/2019,12/23/2019,5/1/1985,755.8,Grand Teton
12/23/2019,12/23/2019,6/1/1985,767.9,Great Basin
12/23/2019,12/23/2019,7/1/1985,780.1,Great Sand Dunes
12/23/2019,12/23/2019,8/1/1985,791.6,Great Smoky Mountains
12/23/2019,12/23/2019,9/1/1985,798.7,Guadalupe Mountains
12/23/2019,12/23/2019,10/1/1985,806.5,Haleakalā
12/23/2019,12/23/2019,11/1/1985,812.6,Hawaii Volcanoes
12/23/2019,12/23/2019,12/1/1985,815.3,Hot Springs
12/23/2019,12/23/2019,1/1/1986,817.2,Isle Royale
12/23/2019,12/23/2019,2/1/1986,819.7,Joshua Tree
12/23/2019,12/23/2019,3/1/1986,824.1,Katmai
12/23/2019,12/23/2019,4/1/1986,835.1,Kenai Fjords
12/23/2019,12/23/2019,5/1/1986,850.5,Kings Canyon
12/23/2019,12/23/2019,6/1/1986,863.2,Kobuk Valley
12/23/2019,12/23/2019,7/1/1986,875.2,Lake Clark
12/23/2019,12/23/2019,8/1/1986,889.4,Lassen Volcanic
12/23/2019,12/23/2019,9/1/1986,903.9,Mammoth Cave
12/23/2019,12/23/2019,10/1/1986,919.6,Mesa Verde
12/23/2019,12/23/2019,11/1/1986,931.2,Mount Rainier
12/23/2019,12/23/2019,12/1/1986,940.9,North Cascades
12/23/2019,12/23/2019,1/1/1987,952.1,Olympic
12/23/2019,12/23/2019,2/1/1987,959.2,Petrified Forest
12/23/2019,12/23/2019,3/1/1987,964.5,Pinnacles
12/23/2019,12/23/2019,4/1/1987,970.2,Redwood
12/23/2019,12/23/2019,5/1/1987,972.7,Rocky Mountain
12/23/2019,12/23/2019,6/1/1987,969.7,Saguaro
12/23/2019,12/23/2019,7/1/1987,966,Sequoia
12/23/2019,12/23/2019,8/1/1987,962.9,Shenandoah
12/23/2019,12/23/2019,9/1/1987,960.4,Theodore Roosevelt
12/23/2019,12/23/2019,10/1/1987,953,Voyageurs
12/23/2019,12/23/2019,11/1/1987,941.4,Wind Cave
12/23/2019,12/23/2019,12/1/1987,937.4,Wrangell–​St. Elias
12/23/2019,12/23/2019,1/1/1988,936.5,Yellowstone
12/23/2019,12/23/2019,2/1/1988,938,Yosemite
12/23/2019,12/23/2019,3/1/1988,941.2,Zion
12/23/2019,12/23/2019,4/1/1988,945,John Jay
12/23/2019,12/23/2019,5/1/1988,949.7,George Clinton
12/23/2019,12/23/2019,6/1/1988,952.6,Morgan Lewis
12/23/2019,12/23/2019,7/1/1988,952,Daniel D. Tompkins
12/23/2019,12/23/2019,8/1/1988,946.3,John Tayler
12/23/2019,12/23/2019,9/1/1988,938.4,Joseph C. Yates
12/23/2019,12/23/2019,10/1/1988,933.4,DeWitt Clinton
12/23/2019,12/23/2019,11/1/1988,931.9,Nathaniel Pitcher
12/23/2019,12/23/2019,12/1/1988,926.4,Martin Van Buren
12/23/2019,12/23/2019,1/1/1989,916.2,Enos T. Throop
12/23/2019,12/23/2019,2/1/1989,904.3,William L. Marcy
12/23/2019,12/23/2019,3/1/1989,894.1,William H. Seward
12/23/2019,12/23/2019,4/1/1989,881.1,William C. Bouck
12/23/2019,12/23/2019,5/1/1989,866.2,Silas Wright
12/23/2019,12/23/2019,6/1/1989,861.9,John Young
12/23/2019,12/23/2019,7/1/1989,863.6,Hamilton Fish
12/23/2019,12/23/2019,8/1/1989,867.8,Washington Hunt
12/23/2019,12/23/2019,9/1/1989,872.9,Myron H. Clark
12/23/2019,12/23/2019,10/1/1989,879,John Alsop King
12/23/2019,12/23/2019,11/1/1989,887.2,Edwin D. Morgan
12/23/2019,12/23/2019,12/1/1989,893.7,Horatio Seymour
12/23/2019,12/23/2019,1/1/1990,900.7,Reuben Fenton
12/23/2019,12/23/2019,2/1/1990,904.7,John Thompson Hoffman
12/23/2019,12/23/2019,3/1/1990,908.4,John Adams Dix
12/23/2019,12/23/2019,4/1/1990,911.3,Samuel J. Tilden
12/23/2019,12/23/2019,5/1/1990,912.6,Lucius Robinson
12/23/2019,12/23/2019,6/1/1990,914.7,Alonzo B. Cornell
12/23/2019,12/23/2019,7/1/1990,917.8,Grover Cleveland
12/23/2019,12/23/2019,8/1/1990,920.8,David B. Hill
12/23/2019,12/23/2019,9/1/1990,922.5,Roswell P. Flower
12/23/2019,12/23/2019,10/1/1990,922.9,Frank S. Black
12/23/2019,12/23/2019,11/1/1990,923.2,Theodore Roosevelt
12/23/2019,12/23/2019,12/1/1990,922.9,Benjamin Barker Odell Jr
12/23/2019,12/23/2019,1/1/1991,927.5,Frank W. Higgins
12/23/2019,12/23/2019,2/1/1991,934.6,Charles Evans Hughes
12/23/2019,12/23/2019,3/1/1991,945.4,Horace White
12/23/2019,12/23/2019,4/1/1991,957.4,John Alden Dix
12/23/2019,12/23/2019,5/1/1991,971.2,William Sulzer
12/23/2019,12/23/2019,6/1/1991,982.7,Martin H. Glynn
12/23/2019,12/23/2019,7/1/1991,993.7,Charles S. Whitman
12/23/2019,12/23/2019,8/1/1991,1000.1,Nathan Lewis Miller
12/23/2019,12/23/2019,9/1/1991,1007.6,Al Smith
12/23/2019,12/23/2019,10/1/1991,1019.7,Franklin D. Roosevelt
12/23/2019,12/23/2019,11/1/1991,1030.9,Herbert H. Lehman
12/23/2019,12/23/2019,12/1/1991,1044.5,Charles Poletti
12/23/2019,12/23/2019,1/1/1992,1064.6,Thomas Dewey
12/23/2019,12/23/2019,2/1/1992,1087.2,W. Averell Harriman
12/23/2019,12/23/2019,3/1/1992,1103.4,Nelson Rockefeller
12/23/2019,12/23/2019,4/1/1992,1114.5,Malcolm Wilson
12/23/2019,12/23/2019,5/1/1992,1126,Hugh Carey
12/23/2019,12/23/2019,6/1/1992,1133.5,Mario Cuomo
12/23/2019,12/23/2019,7/1/1992,1141.4,George Pataki
12/23/2019,12/23/2019,8/1/1992,1150.8,Eliot Spitzer
12/23/2019,12/23/2019,9/1/1992,1164.5,David Paterson
12/23/2019,12/23/2019,10/1/1992,1174.9,Andrew Cuomo
12/23/2019,12/23/2019,11/1/1992,1182.5,Acadia
12/23/2019,12/23/2019,12/1/1992,1187.2,Arches
12/23/2019,12/23/2019,1/1/1993,1187.4,Badlands
12/23/2019,12/23/2019,2/1/1993,1189.3,Big Bend
12/23/2019,12/23/2019,3/1/1993,1188.1,Biscayne
12/23/2019,12/23/2019,4/1/1993,1188.8,Black Canyon of the Gunnison
12/23/2019,12/23/2019,5/1/1993,1200.2,Bryce Canyon
12/23/2019,12/23/2019,6/1/1993,1205.8,Canyonlands
12/23/2019,12/23/2019,7/1/1993,1206.4,Capitol Reef
12/23/2019,12/23/2019,8/1/1993,1209.7,Carlsbad Caverns
12/23/2019,12/23/2019,9/1/1993,1211.5,Channel Islands
12/23/2019,12/23/2019,10/1/1993,1212.6,Congaree
12/23/2019,12/23/2019,11/1/1993,1217.4,Crater Lake
12/23/2019,12/23/2019,12/1/1993,1219.3,Cuyahoga Valley
12/23/2019,12/23/2019,1/1/1994,1223.8,Death Valley
12/23/2019,12/23/2019,2/1/1994,1226.8,Denali
12/23/2019,12/23/2019,3/1/1994,1227,Dry Tortugas
12/23/2019,12/23/2019,4/1/1994,1222.1,Everglades
12/23/2019,12/23/2019,5/1/1994,1222.6,Gates of the Arctic
12/23/2019,12/23/2019,6/1/1994,1212.3,Glacier
12/23/2019,12/23/2019,7/1/1994,1207.6,Glacier Bay
12/23/2019,12/23/2019,8/1/1994,1199.7,Grand Canyon
12/23/2019,12/23/2019,9/1/1994,1191.6,Grand Teton
12/23/2019,12/23/2019,10/1/1994,1179.6,Great Basin
12/23/2019,12/23/2019,11/1/1994,1167.2,Great Sand Dunes
12/23/2019,12/23/2019,12/1/1994,1151.3,Great Smoky Mountains
12/23/2019,12/23/2019,1/1/1995,1136.9,Guadalupe Mountains
12/23/2019,12/23/2019,2/1/1995,1119.4,Haleakalā
12/23/2019,12/23/2019,3/1/1995,1100.2,Hawaii Volcanoes
12/23/2019,12/23/2019,4/1/1995,1085.7,Hot Springs
12/23/2019,12/23/2019,5/1/1995,1091.6,Isle Royale
12/23/2019,12/23/2019,6/1/1995,1098.9,Joshua Tree
12/23/2019,12/23/2019,7/1/1995,1098.4,Katmai
12/23/2019,12/23/2019,8/1/1995,1105.7,Kenai Fjords
12/23/2019,12/23/2019,9/1/1995,1113,Kings Canyon
12/23/2019,12/23/2019,10/1/1995,1122.5,Acadia
12/23/2019,12/23/2019,11/1/1995,1125,Arches
12/23/2019,12/23/2019,12/1/1995,1135.9,Badlands
12/23/2019,12/23/2019,1/1/1996,1152,Big Bend
12/23/2019,12/23/2019,2/1/1996,1163.7,Biscayne
12/23/2019,12/23/2019,3/1/1996,1176.4,Black Canyon of the Gunnison
12/23/2019,12/23/2019,4/1/1996,1182.8,Bryce Canyon
12/23/2019,12/23/2019,5/1/1996,1197.1,Canyonlands
12/23/2019,12/23/2019,6/1/1996,1205.8,Capitol Reef
12/23/2019,12/23/2019,7/1/1996,1215.1,Carlsbad Caverns
12/23/2019,12/23/2019,8/1/1996,1227.2,Channel Islands
12/23/2019,12/23/2019,9/1/1996,1235.8,Congaree
12/23/2019,12/23/2019,10/1/1996,1250.6,Crater Lake
12/23/2019,12/23/2019,11/1/1996,1263.1,Cuyahoga Valley
12/23/2019,12/23/2019,12/1/1996,1274.8,Death Valley
12/23/2019,12/23/2019,1/1/1997,1283.2,Denali
12/23/2019,12/23/2019,2/1/1997,1291.2,Dry Tortugas
12/23/2019,12/23/2019,3/1/1997,1304.1,Everglades
12/23/2019,12/23/2019,4/1/1997,1316.6,Gates of the Arctic
12/23/2019,12/23/2019,5/1/1997,1324.1,Glacier
12/23/2019,12/23/2019,6/1/1997,1330.8,Glacier Bay
12/23/2019,12/23/2019,7/1/1997,1337.2,Grand Canyon
12/23/2019,12/23/2019,8/1/1997,1346.2,Grand Teton
12/23/2019,12/23/2019,9/1/1997,1362,Great Basin
12/23/2019,12/23/2019,10/1/1997,1377.1,Great Sand Dunes
12/23/2019,12/23/2019,11/1/1997,1387.1,Great Smoky Mountains
12/23/2019,12/23/2019,12/1/1997,1401.2,Guadalupe Mountains
12/23/2019,12/23/2019,1/1/1998,1414.3,Haleakalā
12/23/2019,12/23/2019,2/1/1998,1431.7,Hawaii Volcanoes
12/23/2019,12/23/2019,3/1/1998,1447.3,Hot Springs
12/23/2019,12/23/2019,4/1/1998,1464.4,Isle Royale
12/23/2019,12/23/2019,5/1/1998,1476.8,Joshua Tree
12/23/2019,12/23/2019,6/1/1998,1490.8,Katmai
12/23/2019,12/23/2019,7/1/1998,1509,Kenai Fjords
12/23/2019,12/23/2019,8/1/1998,1523.1,Kings Canyon
12/23/2019,12/23/2019,9/1/1998,1539.2,Kobuk Valley
12/23/2019,12/23/2019,10/1/1998,1559.4,Lake Clark
12/23/2019,12/23/2019,11/1/1998,1580.7,Lassen Volcanic
12/23/2019,12/23/2019,12/1/1998,1603.6,Mammoth Cave
12/23/2019,12/23/2019,1/1/1999,1622.7,Mesa Verde
12/23/2019,12/23/2019,2/1/1999,1639.3,Mount Rainier
12/23/2019,12/23/2019,3/1/1999,1648.5,North Cascades
12/23/2019,12/23/2019,4/1/1999,1665.8,Olympic
12/23/2019,12/23/2019,5/1/1999,1684.4,Petrified Forest
12/23/2019,12/23/2019,6/1/1999,1702,Pinnacles
12/23/2019,12/23/2019,7/1/1999,1721.6,Redwood
12/23/2019,12/23/2019,8/1/1999,1729.9,Rocky Mountain
12/23/2019,12/23/2019,9/1/1999,1737.5,Saguaro
12/23/2019,12/23/2019,10/1/1999,1743.8,Sequoia
12/23/2019,12/23/2019,11/1/1999,1741.9,Shenandoah
12/23/2019,12/23/2019,12/1/1999,1740.2,Theodore Roosevelt
12/23/2019,12/23/2019,1/1/2000,1741.6,Voyageurs
12/23/2019,12/23/2019,2/1/2000,1751.4,Wind Cave
12/23/2019,12/23/2019,3/1/2000,1761.6,Wrangell–​St. Elias
12/23/2019,12/23/2019,4/1/2000,1779.5,Yellowstone
12/23/2019,12/23/2019,5/1/2000,1776.9,Yosemite
12/23/2019,12/23/2019,6/1/2000,1786.4,Zion
12/23/2019,12/23/2019,7/1/2000,1800.1,John Jay
12/23/2019,12/23/2019,8/1/2000,1813.4,George Clinton
12/23/2019,12/23/2019,9/1/2000,1834.1,Morgan Lewis
12/23/2019,12/23/2019,10/1/2000,1841.4,Daniel D. Tompkins
12/23/2019,12/23/2019,11/1/2000,1850.7,John Tayler
12/23/2019,12/23/2019,12/1/2000,1879.6,Joseph C. Yates
12/23/2019,12/23/2019,1/1/2001,1899.4,DeWitt Clinton
12/23/2019,12/23/2019,2/1/2001,1930.1,Nathaniel Pitcher
12/23/2019,12/23/2019,3/1/2001,1968.7,Martin Van Buren
12/23/2019,12/23/2019,4/1/2001,2007.6,Enos T. Throop
12/23/2019,12/23/2019,5/1/2001,2029.3,William L. Marcy
12/23/2019,12/23/2019,6/1/2001,2066.3,William H. Seward
12/23/2019,12/23/2019,7/1/2001,2090.1,William C. Bouck
12/23/2019,12/23/2019,8/1/2001,2126.1,Silas Wright
12/23/2019,12/23/2019,9/1/2001,2177.1,John Young
12/23/2019,12/23/2019,10/1/2001,2207,Hamilton Fish
12/23/2019,12/23/2019,11/1/2001,2257.9,Washington Hunt
12/23/2019,12/23/2019,12/1/2001,2311.5,Myron H. Clark
12/23/2019,12/23/2019,1/1/2002,2349.7,John Alsop King
12/23/2019,12/23/2019,2/1/2002,2397.2,Edwin D. Morgan
12/23/2019,12/23/2019,3/1/2002,2430,Horatio Seymour
12/23/2019,12/23/2019,4/1/2002,2453.8,Reuben Fenton
12/23/2019,12/23/2019,5/1/2002,2491.2,John Thompson Hoffman
12/23/2019,12/23/2019,6/1/2002,2519.9,John Adams Dix
12/23/2019,12/23/2019,7/1/2002,2551.2,Samuel J. Tilden
12/23/2019,12/23/2019,8/1/2002,2614.7,Lucius Robinson
12/23/2019,12/23/2019,9/1/2002,2650.2,Alonzo B. Cornell
12/23/2019,12/23/2019,10/1/2002,2694.8,Grover Cleveland
12/23/2019,12/23/2019,11/1/2002,2745.2,David B. Hill
12/23/2019,12/23/2019,12/1/2002,2771,Roswell P. Flower
12/23/2019,12/23/2019,1/1/2003,2811.2,Frank S. Black
12/23/2019,12/23/2019,2/1/2003,2846.3,Theodore Roosevelt
12/23/2019,12/23/2019,3/1/2003,2876.7,Benjamin Barker Odell Jr
12/23/2019,12/23/2019,4/1/2003,2912.4,Frank W. Higgins
12/23/2019,12/23/2019,5/1/2003,2966.4,Charles Evans Hughes
12/23/2019,12/23/2019,6/1/2003,3002.6,Horace White
12/23/2019,12/23/2019,7/1/2003,3062.2,John Alden Dix
12/23/2019,12/23/2019,8/1/2003,3125.7,William Sulzer
12/23/2019,12/23/2019,9/1/2003,3113.7,Martin H. Glynn
12/23/2019,12/23/2019,10/1/2003,3131.8,Charles S. Whitman
12/23/2019,12/23/2019,11/1/2003,3152.8,Nathan Lewis Miller
12/23/2019,12/23/2019,12/1/2003,3158.8,Al Smith
12/23/2019,12/23/2019,1/1/2004,3185.5,Franklin D. Roosevelt
12/23/2019,12/23/2019,2/1/2004,3220.9,Herbert H. Lehman
12/23/2019,12/23/2019,3/1/2004,3262.2,Charles Poletti
12/23/2019,12/23/2019,4/1/2004,3307.9,Thomas Dewey
12/23/2019,12/23/2019,5/1/2004,3384.2,W. Averell Harriman
12/23/2019,12/23/2019,6/1/2004,3383.5,Nelson Rockefeller
12/23/2019,12/23/2019,7/1/2004,3407.9,Malcolm Wilson
12/23/2019,12/23/2019,8/1/2004,3424.1,Hugh Carey
12/23/2019,12/23/2019,9/1/2004,3453.2,Mario Cuomo
12/23/2019,12/23/2019,10/1/2004,3483.8,George Pataki
12/23/2019,12/23/2019,11/1/2004,3496.6,Eliot Spitzer
12/23/2019,12/23/2019,12/1/2004,3506.6,David Paterson
12/23/2019,12/23/2019,1/1/2005,3513.3,Andrew Cuomo
12/23/2019,12/23/2019,2/1/2005,3507.6,Acadia
12/23/2019,12/23/2019,3/1/2005,3509,Arches
12/23/2019,12/23/2019,4/1/2005,3513.8,Badlands
12/23/2019,12/23/2019,5/1/2005,3504.5,Big Bend
12/23/2019,12/23/2019,6/1/2005,3509.6,Biscayne
12/23/2019,12/23/2019,7/1/2005,3537.8,Black Canyon of the Gunnison
12/23/2019,12/23/2019,8/1/2005,3548.6,Bryce Canyon
12/23/2019,12/23/2019,9/1/2005,3564.4,Canyonlands
12/23/2019,12/23/2019,10/1/2005,3585.8,Capitol Reef
12/23/2019,12/23/2019,11/1/2005,3587.1,Carlsbad Caverns
12/23/2019,12/23/2019,12/1/2005,3602.2,Channel Islands
12/23/2019,12/23/2019,1/1/2006,3621.1,Congaree
12/23/2019,12/23/2019,2/1/2006,3627,Crater Lake
12/23/2019,12/23/2019,3/1/2006,3616.3,Cuyahoga Valley
12/23/2019,12/23/2019,4/1/2006,3627.9,Death Valley
12/23/2019,12/23/2019,5/1/2006,3602.1,Denali
12/23/2019,12/23/2019,6/1/2006,3616.5,Dry Tortugas
12/23/2019,12/23/2019,7/1/2006,3626,Everglades
12/23/2019,12/23/2019,8/1/2006,3623.8,Gates of the Arctic
12/23/2019,12/23/2019,9/1/2006,3632.2,Glacier
12/23/2019,12/23/2019,10/1/2006,3648.1,Glacier Bay
12/23/2019,12/23/2019,11/1/2006,3662,Grand Canyon
12/23/2019,12/23/2019,12/1/2006,3693.2,Grand Teton
12/23/2019,12/23/2019,1/1/2007,3707.9,Great Basin
12/23/2019,12/23/2019,2/1/2007,3716.9,Great Sand Dunes
12/23/2019,12/23/2019,3/1/2007,3729.3,Great Smoky Mountains
12/23/2019,12/23/2019,4/1/2007,3768,Guadalupe Mountains
12/23/2019,12/23/2019,5/1/2007,3766.7,Haleakalā
12/23/2019,12/23/2019,6/1/2007,3797,Hawaii Volcanoes
12/23/2019,12/23/2019,7/1/2007,3808.4,Hot Springs
12/23/2019,12/23/2019,8/1/2007,3851.4,Isle Royale
12/23/2019,12/23/2019,9/1/2007,3852.3,Joshua Tree
12/23/2019,12/23/2019,10/1/2007,3849.1,Katmai
12/23/2019,12/23/2019,11/1/2007,3861.9,Kenai Fjords
12/23/2019,12/23/2019,12/1/2007,3866.6,Kings Canyon
12/23/2019,12/23/2019,1/1/2008,3869.3,
12/23/2019,12/23/2019,2/1/2008,3910,
12/23/2019,12/23/2019,3/1/2008,3964.2,
12/23/2019,12/23/2019,4/1/2008,3979.8,
12/23/2019,12/23/2019,5/1/2008,4003.5,
12/23/2019,12/23/2019,6/1/2008,4021,
12/23/2019,12/23/2019,7/1/2008,4036.4,
12/23/2019,12/23/2019,8/1/2008,4040.4,
12/23/2019,12/23/2019,9/1/2008,4042.6,
12/23/2019,12/23/2019,10/1/2008,4045.7,
12/23/2019,12/23/2019,11/1/2008,4027.5,
12/23/2019,12/23/2019,12/1/2008,4089.1,
12/23/2019,12/23/2019,1/1/2009,4203,
12/23/2019,12/23/2019,2/1/2009,4276,
12/23/2019,12/23/2019,3/1/2009,4346.7,
12/23/2019,12/23/2019,4/1/2009,4351.9,
12/23/2019,12/23/2019,5/1/2009,4443.3,
12/23/2019,12/23/2019,6/1/2009,4464.3,
12/23/2019,12/23/2019,7/1/2009,4517.2,
12/23/2019,12/23/2019,8/1/2009,4573.7,
12/23/2019,12/23/2019,9/1/2009,4627.1,
12/23/2019,12/23/2019,10/1/2009,4705.6,
12/23/2019,12/23/2019,11/1/2009,4777.9,
12/23/2019,12/23/2019,12/1/2009,4812.9,
12/23/2019,12/23/2019,1/1/2010,4840.8,
12/23/2019,12/23/2019,2/1/2010,4893.5,
12/23/2019,12/23/2019,3/1/2010,4919.4,
12/23/2019,12/23/2019,4/1/2010,4993.5,
12/23/2019,12/23/2019,5/1/2010,5058.9,
12/23/2019,12/23/2019,6/1/2010,5073.4,
12/23/2019,12/23/2019,7/1/2010,5113.5,
12/23/2019,12/23/2019,8/1/2010,5165.3,
12/23/2019,12/23/2019,9/1/2010,5210.4,
12/23/2019,12/23/2019,10/1/2010,5277.2,
12/23/2019,12/23/2019,11/1/2010,5281.1,
12/23/2019,12/23/2019,12/1/2010,5332.4,
12/23/2019,12/23/2019,1/1/2011,5373.2,
12/23/2019,12/23/2019,2/1/2011,5417.1,
12/23/2019,12/23/2019,3/1/2011,5458,
12/23/2019,12/23/2019,4/1/2011,5525.2,
12/23/2019,12/23/2019,5/1/2011,5555,
12/23/2019,12/23/2019,6/1/2011,5633,
12/23/2019,12/23/2019,7/1/2011,5790,
12/23/2019,12/23/2019,8/1/2011,5890.2,
12/23/2019,12/23/2019,9/1/2011,5921.6,
12/23/2019,12/23/2019,10/1/2011,5951.8,
12/23/2019,12/23/2019,11/1/2011,5983.1,
12/23/2019,12/23/2019,12/1/2011,6034.3,
12/23/2019,12/23/2019,1/1/2012,6090.5,
12/23/2019,12/23/2019,2/1/2012,6145.4,
12/23/2019,12/23/2019,3/1/2012,6188.3,
12/23/2019,12/23/2019,4/1/2012,6235.2,
12/23/2019,12/23/2019,5/1/2012,6274.9,
12/23/2019,12/23/2019,6/1/2012,6337,
12/23/2019,12/23/2019,7/1/2012,6384.5,
12/23/2019,12/23/2019,8/1/2012,6434.9,
12/23/2019,12/23/2019,9/1/2012,6488.1,
12/23/2019,12/23/2019,10/1/2012,6529.9,
12/23/2019,12/23/2019,11/1/2012,6595.7,
12/23/2019,12/23/2019,12/1/2012,6683.9,
12/23/2019,12/23/2019,1/1/2013,6695,
12/23/2019,12/23/2019,2/1/2013,6714.8,
12/23/2019,12/23/2019,3/1/2013,6779,
12/23/2019,12/23/2019,4/1/2013,6787.5,
12/23/2019,12/23/2019,5/1/2013,6826.1,
12/23/2019,12/23/2019,6/1/2013,6880.2,
12/23/2019,12/23/2019,7/1/2013,6924.7,
12/23/2019,12/23/2019,8/1/2013,6983.9,
12/23/2019,12/23/2019,9/1/2013,7007.9,
12/23/2019,12/23/2019,10/1/2013,7086.1,
12/23/2019,12/23/2019,11/1/2013,7105.3,
12/23/2019,12/23/2019,12/1/2013,7129.1,
12/23/2019,12/23/2019,1/1/2014,7160.5,
12/23/2019,12/23/2019,2/1/2014,7215.7,
12/23/2019,12/23/2019,3/1/2014,7234.5,
12/23/2019,12/23/2019,4/1/2014,7270.2,
12/23/2019,12/23/2019,5/1/2014,7324.9,
12/23/2019,12/23/2019,6/1/2014,7349.7,
12/23/2019,12/23/2019,7/1/2014,7406.4,
12/23/2019,12/23/2019,8/1/2014,7471.6,
12/23/2019,12/23/2019,9/1/2014,7457,
12/23/2019,12/23/2019,10/1/2014,7508.7,
12/23/2019,12/23/2019,11/1/2014,7542,
12/23/2019,12/23/2019,12/1/2014,7575.2,
12/23/2019,12/23/2019,1/1/2015,7644.1,
12/23/2019,12/23/2019,2/1/2015,7705.2,
12/23/2019,12/23/2019,3/1/2015,7740.9,
12/23/2019,12/23/2019,4/1/2015,7797.1,
12/23/2019,12/23/2019,5/1/2015,7860.4,
12/23/2019,12/23/2019,6/1/2015,7878.7,
12/23/2019,12/23/2019,7/1/2015,7922.6,
12/23/2019,12/23/2019,8/1/2015,7994.8,
12/23/2019,12/23/2019,9/1/2015,8044.7,
12/23/2019,12/23/2019,10/1/2015,8111.7,
12/23/2019,12/23/2019,11/1/2015,8140.4,
12/23/2019,12/23/2019,12/1/2015,8175.5,
12/23/2019,12/23/2019,1/1/2016,8222.4,
12/23/2019,12/23/2019,2/1/2016,8257.3,
12/23/2019,12/23/2019,3/1/2016,8317.2,
12/23/2019,12/23/2019,4/1/2016,8369.9,
12/23/2019,12/23/2019,5/1/2016,8407.8,
12/23/2019,12/23/2019,6/1/2016,8482.8,
12/23/2019,12/23/2019,7/1/2016,8553,
12/23/2019,12/23/2019,8/1/2016,8596,
12/23/2019,12/23/2019,9/1/2016,8672.4,
12/23/2019,12/23/2019,10/1/2016,8734.3,
12/23/2019,12/23/2019,11/1/2016,8773.2,
12/23/2019,12/23/2019,12/1/2016,8824.2,
12/23/2019,12/23/2019,1/1/2017,8855.4,
12/23/2019,12/23/2019,2/1/2017,8900.7,
12/23/2019,12/23/2019,3/1/2017,8917.5,
12/23/2019,12/23/2019,4/1/2017,8962.5,
12/23/2019,12/23/2019,5/1/2017,8949.9,
12/23/2019,12/23/2019,6/1/2017,8967.5,
12/23/2019,12/23/2019,7/1/2017,8998.7,
12/23/2019,12/23/2019,8/1/2017,9008.3,
12/23/2019,12/23/2019,9/1/2017,9047.3,
12/23/2019,12/23/2019,10/1/2017,9067.7,
12/23/2019,12/23/2019,11/1/2017,9069.9,
12/23/2019,12/23/2019,12/1/2017,9124.4,
12/23/2019,12/23/2019,1/1/2018,9095,
12/23/2019,12/23/2019,2/1/2018,9134.1,
12/23/2019,12/23/2019,3/1/2018,9137,
12/23/2019,12/23/2019,4/1/2018,9146,
12/23/2019,12/23/2019,5/1/2018,9184.4,
12/23/2019,12/23/2019,6/1/2018,9232.8,
12/23/2019,12/23/2019,7/1/2018,9232.8,
12/23/2019,12/23/2019,8/1/2018,9252.9,
12/23/2019,12/23/2019,9/1/2018,9240.8,
12/23/2019,12/23/2019,10/1/2018,9225.4,
12/23/2019,12/23/2019,11/1/2018,9243.9,
12/23/2019,12/23/2019,12/1/2018,9277.4,
12/23/2019,12/23/2019,1/1/2019,9303.4,
12/23/2019,12/23/2019,2/1/2019,9274,
12/23/2019,12/23/2019,3/1/2019,9316.8,
12/23/2019,12/23/2019,4/1/2019,9280.9,
12/23/2019,12/23/2019,5/1/2019,9357,
12/23/2019,12/23/2019,6/1/2019,9430.4,
12/23/2019,12/23/2019,7/1/2019,9472.5,
12/23/2019,12/23/2019,8/1/2019,9542.4,
12/23/2019,12/23/2019,9/1/2019,9563.2,
12/23/2019,12/23/2019,10/1/2019,9675.9,
12/23/2019,12/23/2019,11/1/2019,9768.9,
